[
  {
    "rank": 1,
    "city": "New York City",
    "state": "New York",
    "population": 7936530,
    "url": null,
    "place_key": null,
    "state_code": null,
    "city_slug": null,
    "error": "No places found in autocomplete"
  },
  {
    "rank": 2,
    "city": "Los Angeles",
    "state": "California",
    "population": 3770958,
    "url": "https://www.remax.com/homes-for-sale/ca/los-angeles/city/0644000",
    "place_key": "0644000",
    "state_code": "ca",
    "city_slug": "los-angeles",
    "error": null
  },
  {
    "rank": 3,
    "city": "Chicago",
    "state": "Illinois",
    "population": 2611867,
    "url": "https://www.remax.com/homes-for-sale/il/chicago/city/1714000",
    "place_key": "1714000",
    "state_code": "il",
    "city_slug": "chicago",
    "error": null
  },
  {
    "rank": 4,
    "city": "Houston",
    "state": "Texas",
    "population": 2324082,
    "url": "https://www.remax.com/homes-for-sale/tx/houston/city/4835000",
    "place_key": "4835000",
    "state_code": "tx",
    "city_slug": "houston",
    "error": null
  },
  {
    "rank": 5,
    "city": "Phoenix",
    "state": "Arizona",
    "population": 1675144,
    "url": "https://www.remax.com/homes-for-sale/az/phoenix/city/0455000",
    "place_key": "0455000",
    "state_code": "az",
    "city_slug": "phoenix",
    "error": null
  },
  {
    "rank": 6,
    "city": "San Antonio",
    "state": "Texas",
    "population": 1532653,
    "url": "https://www.remax.com/homes-for-sale/tx/san-antonio/city/4865000",
    "place_key": "4865000",
    "state_code": "tx",
    "city_slug": "san-antonio",
    "error": null
  },
  {
    "rank": 7,
    "city": "Philadelphia",
    "state": "Pennsylvania",
    "population": 1517114,
    "url": "https://www.remax.com/homes-for-sale/pa/philadelphia/city/4260000",
    "place_key": "4260000",
    "state_code": "pa",
    "city_slug": "philadelphia",
    "error": null
  },
  {
    "rank": 8,
    "city": "San Diego",
    "state": "California",
    "population": 1389672,
    "url": "https://www.remax.com/homes-for-sale/ca/san-diego/city/0666000",
    "place_key": "0666000",
    "state_code": "ca",
    "city_slug": "san-diego",
    "error": null
  },
  {
    "rank": 9,
    "city": "Dallas",
    "state": "Texas",
    "population": 1302638,
    "url": "https://www.remax.com/homes-for-sale/tx/northeast-dallas/city/4811392792",
    "place_key": "4811392792",
    "state_code": "tx",
    "city_slug": "northeast-dallas",
    "error": null
  },
  {
    "rank": 10,
    "city": "Fort Worth",
    "state": "Texas",
    "population": 1015045,
    "url": "https://www.remax.com/homes-for-sale/tx/fort-worth/city/4827000",
    "place_key": "4827000",
    "state_code": "tx",
    "city_slug": "fort-worth",
    "error": null
  },
  {
    "rank": 11,
    "city": "Jacksonville",
    "state": "Florida",
    "population": 1008485,
    "url": "https://www.remax.com/homes-for-sale/fl/jacksonville/city/1235000",
    "place_key": "1235000",
    "state_code": "fl",
    "city_slug": "jacksonville",
    "error": null
  },
  {
    "rank": 12,
    "city": "Austin",
    "state": "Texas",
    "population": 989252,
    "url": "https://www.remax.com/homes-for-sale/tx/austin/city/4805000",
    "place_key": "4805000",
    "state_code": "tx",
    "city_slug": "austin",
    "error": null
  },
  {
    "rank": 13,
    "city": "San Jose",
    "state": "California",
    "population": 943212,
    "url": "https://www.remax.com/homes-for-sale/ca/san-jose/city/0668000",
    "place_key": "0668000",
    "state_code": "ca",
    "city_slug": "san-jose",
    "error": null
  },
  {
    "rank": 14,
    "city": "Charlotte",
    "state": "North Carolina",
    "population": 935017,
    "url": "https://www.remax.com/homes-for-sale/nc/charlotte/city/3712000",
    "place_key": "3712000",
    "state_code": "nc",
    "city_slug": "charlotte",
    "error": null
  },
  {
    "rank": 15,
    "city": "Columbus",
    "state": "Ohio",
    "population": 917679,
    "url": "https://www.remax.com/homes-for-sale/oh/columbus/city/3918000",
    "place_key": "3918000",
    "state_code": "oh",
    "city_slug": "columbus",
    "error": null
  },
  {
    "rank": 16,
    "city": "Indianapolis",
    "state": "Indiana",
    "population": 874037,
    "url": "https://www.remax.com/homes-for-sale/in/indianapolis/city/1836003",
    "place_key": "1836003",
    "state_code": "in",
    "city_slug": "indianapolis",
    "error": null
  },
  {
    "rank": 17,
    "city": "San Francisco",
    "state": "California",
    "population": 767968,
    "url": "https://www.remax.com/homes-for-sale/ca/san-francisco/city/0667000",
    "place_key": "0667000",
    "state_code": "ca",
    "city_slug": "san-francisco",
    "error": null
  },
  {
    "rank": 18,
    "city": "Seattle",
    "state": "Washington",
    "population": 764753,
    "url": "https://www.remax.com/homes-for-sale/wa/seattle/city/5363000",
    "place_key": "5363000",
    "state_code": "wa",
    "city_slug": "seattle",
    "error": null
  },
  {
    "rank": 19,
    "city": "Oklahoma City",
    "state": "Oklahoma",
    "population": 715893,
    "url": "https://www.remax.com/homes-for-sale/ok/oklahoma-city/city/4055000",
    "place_key": "4055000",
    "state_code": "ok",
    "city_slug": "oklahoma-city",
    "error": null
  },
  {
    "rank": 20,
    "city": "Denver",
    "state": "Colorado",
    "population": 715891,
    "url": "https://www.remax.com/homes-for-sale/co/denver/city/0820000",
    "place_key": "0820000",
    "state_code": "co",
    "city_slug": "denver",
    "error": null
  },
  {
    "rank": 21,
    "city": "Nashville",
    "state": "Tennessee",
    "population": 686513,
    "url": "https://www.remax.com/homes-for-sale/tn/nashville/city/4752006",
    "place_key": "4752006",
    "state_code": "tn",
    "city_slug": "nashville",
    "error": null
  },
  {
    "rank": 22,
    "city": "Washington",
    "state": "District of Columbia",
    "population": 684394,
    "url": "https://www.remax.com/homes-for-sale/dc/washington/city/1150000",
    "place_key": "1150000",
    "state_code": "dc",
    "city_slug": "washington",
    "error": null
  },
  {
    "rank": 23,
    "city": "El Paso",
    "state": "Texas",
    "population": 678760,
    "url": "https://www.remax.com/homes-for-sale/tx/el-paso/city/4824000",
    "place_key": "4824000",
    "state_code": "tx",
    "city_slug": "el-paso",
    "error": null
  },
  {
    "rank": 24,
    "city": "Las Vegas",
    "state": "Nevada",
    "population": 670352,
    "url": "https://www.remax.com/homes-for-sale/nv/las-vegas/city/3240000",
    "place_key": "3240000",
    "state_code": "nv",
    "city_slug": "las-vegas",
    "error": null
  },
  {
    "rank": 25,
    "city": "Boston",
    "state": "Massachusetts",
    "population": 639411,
    "url": "https://www.remax.com/homes-for-sale/ma/boston/city/2507000",
    "place_key": "2507000",
    "state_code": "ma",
    "city_slug": "boston",
    "error": null
  },
  {
    "rank": 26,
    "city": "Detroit",
    "state": "Michigan",
    "population": 629830,
    "url": "https://www.remax.com/homes-for-sale/mi/detroit/city/2622000",
    "place_key": "2622000",
    "state_code": "mi",
    "city_slug": "detroit",
    "error": null
  },
  {
    "rank": 27,
    "city": "Louisville",
    "state": "Kentucky",
    "population": 617027,
    "url": "https://www.remax.com/homes-for-sale/ky/louisville-jefferson-county/city/2148006",
    "place_key": "2148006",
    "state_code": "ky",
    "city_slug": "louisville-jefferson-county",
    "error": null
  },
  {
    "rank": 28,
    "city": "Portland",
    "state": "Oregon",
    "population": 615267,
    "url": "https://www.remax.com/homes-for-sale/or/portland/city/4159000",
    "place_key": "4159000",
    "state_code": "or",
    "city_slug": "portland",
    "error": null
  },
  {
    "rank": 29,
    "city": "Memphis",
    "state": "Tennessee",
    "population": 607581,
    "url": "https://www.remax.com/homes-for-sale/tn/memphis/city/4748000",
    "place_key": "4748000",
    "state_code": "tn",
    "city_slug": "memphis",
    "error": null
  },
  {
    "rank": 30,
    "city": "Albuquerque",
    "state": "New Mexico",
    "population": 557198,
    "url": "https://www.remax.com/homes-for-sale/nm/albuquerque/city/3502000",
    "place_key": "3502000",
    "state_code": "nm",
    "city_slug": "albuquerque",
    "error": null
  },
  {
    "rank": 31,
    "city": "Baltimore",
    "state": "Maryland",
    "population": 553293,
    "url": "https://www.remax.com/homes-for-sale/md/baltimore/city/2404000",
    "place_key": "2404000",
    "state_code": "md",
    "city_slug": "baltimore",
    "error": null
  },
  {
    "rank": 32,
    "city": "Milwaukee",
    "state": "Wisconsin",
    "population": 550837,
    "url": "https://www.remax.com/homes-for-sale/wi/milwaukee/city/5553000",
    "place_key": "5553000",
    "state_code": "wi",
    "city_slug": "milwaukee",
    "error": null
  },
  {
    "rank": 33,
    "city": "Tucson",
    "state": "Arizona",
    "population": 550306,
    "url": "https://www.remax.com/homes-for-sale/az/tucson/city/0477000",
    "place_key": "0477000",
    "state_code": "az",
    "city_slug": "tucson",
    "error": null
  },
  {
    "rank": 34,
    "city": "Fresno",
    "state": "California",
    "population": 547720,
    "url": "https://www.remax.com/homes-for-sale/ca/fresno/city/0627000",
    "place_key": "0627000",
    "state_code": "ca",
    "city_slug": "fresno",
    "error": null
  },
  {
    "rank": 35,
    "city": "Sacramento",
    "state": "California",
    "population": 526954,
    "url": "https://www.remax.com/homes-for-sale/ca/sacramento/city/0664000",
    "place_key": "0664000",
    "state_code": "ca",
    "city_slug": "sacramento",
    "error": null
  },
  {
    "rank": 36,
    "city": "Atlanta",
    "state": "Georgia",
    "population": 518107,
    "url": "https://www.remax.com/homes-for-sale/ga/atlanta/city/1304000",
    "place_key": "1304000",
    "state_code": "ga",
    "city_slug": "atlanta",
    "error": null
  },
  {
    "rank": 37,
    "city": "Mesa",
    "state": "Arizona",
    "population": 515486,
    "url": "https://www.remax.com/homes-for-sale/az/mesa/city/0446000",
    "place_key": "0446000",
    "state_code": "az",
    "city_slug": "mesa",
    "error": null
  },
  {
    "rank": 38,
    "city": "Kansas City",
    "state": "Missouri",
    "population": 512360,
    "url": "https://www.remax.com/homes-for-sale/mo/kansas-city/city/2938000",
    "place_key": "2938000",
    "state_code": "mo",
    "city_slug": "kansas-city",
    "error": null
  },
  {
    "rank": 39,
    "city": "Colorado Springs",
    "state": "Colorado",
    "population": 494219,
    "url": "https://www.remax.com/homes-for-sale/co/colorado-springs/city/0816000",
    "place_key": "0816000",
    "state_code": "co",
    "city_slug": "colorado-springs",
    "error": null
  },
  {
    "rank": 40,
    "city": "Raleigh",
    "state": "North Carolina",
    "population": 493589,
    "url": "https://www.remax.com/homes-for-sale/nc/raleigh/city/3755000",
    "place_key": "3755000",
    "state_code": "nc",
    "city_slug": "raleigh",
    "error": null
  },
  {
    "rank": 41,
    "city": "Omaha",
    "state": "Nebraska",
    "population": 477053,
    "url": "https://www.remax.com/homes-for-sale/ne/omaha/city/3137000",
    "place_key": "3137000",
    "state_code": "ne",
    "city_slug": "omaha",
    "error": null
  },
  {
    "rank": 42,
    "city": "Miami",
    "state": "Florida",
    "population": 464655,
    "url": "https://www.remax.com/homes-for-sale/fl/miami/city/1245000",
    "place_key": "1245000",
    "state_code": "fl",
    "city_slug": "miami",
    "error": null
  },
  {
    "rank": 43,
    "city": "Virginia Beach",
    "state": "Virginia",
    "population": 449625,
    "url": "https://www.remax.com/homes-for-sale/va/virginia-beach/city/5182000",
    "place_key": "5182000",
    "state_code": "va",
    "city_slug": "virginia-beach",
    "error": null
  },
  {
    "rank": 44,
    "city": "Long Beach",
    "state": "California",
    "population": 438723,
    "url": "https://www.remax.com/homes-for-sale/ca/long-beach-lakewood/city/0603791730",
    "place_key": "0603791730",
    "state_code": "ca",
    "city_slug": "long-beach-lakewood",
    "error": null
  },
  {
    "rank": 45,
    "city": "Oakland",
    "state": "California",
    "population": 433544,
    "url": "https://www.remax.com/homes-for-sale/ca/oakland/city/0653000",
    "place_key": "0653000",
    "state_code": "ca",
    "city_slug": "oakland",
    "error": null
  },
  {
    "rank": 46,
    "city": "Minneapolis",
    "state": "Minnesota",
    "population": 421385,
    "url": "https://www.remax.com/homes-for-sale/mn/minneapolis/city/2743000",
    "place_key": "2743000",
    "state_code": "mn",
    "city_slug": "minneapolis",
    "error": null
  },
  {
    "rank": 47,
    "city": "Bakersfield",
    "state": "California",
    "population": 418781,
    "url": "https://www.remax.com/homes-for-sale/ca/bakersfield/city/0603526",
    "place_key": "0603526",
    "state_code": "ca",
    "city_slug": "bakersfield",
    "error": null
  },
  {
    "rank": 48,
    "city": "Tampa",
    "state": "Florida",
    "population": 413657,
    "url": "https://www.remax.com/homes-for-sale/fl/tampa/city/1271000",
    "place_key": "1271000",
    "state_code": "fl",
    "city_slug": "tampa",
    "error": null
  },
  {
    "rank": 49,
    "city": "Tulsa",
    "state": "Oklahoma",
    "population": 410722,
    "url": "https://www.remax.com/homes-for-sale/ok/tulsa/city/4075000",
    "place_key": "4075000",
    "state_code": "ok",
    "city_slug": "tulsa",
    "error": null
  },
  {
    "rank": 50,
    "city": "Arlington",
    "state": "Texas",
    "population": 401219,
    "url": "https://www.remax.com/homes-for-sale/tx/arlington/city/4804000",
    "place_key": "4804000",
    "state_code": "tx",
    "city_slug": "arlington",
    "error": null
  },
  {
    "rank": 51,
    "city": "Aurora",
    "state": "Colorado",
    "population": 400571,
    "url": "https://www.remax.com/homes-for-sale/co/aurora/city/0804000",
    "place_key": "0804000",
    "state_code": "co",
    "city_slug": "aurora",
    "error": null
  },
  {
    "rank": 52,
    "city": "Wichita",
    "state": "Kansas",
    "population": 394849,
    "url": "https://www.remax.com/homes-for-sale/ks/wichita/city/2079000",
    "place_key": "2079000",
    "state_code": "ks",
    "city_slug": "wichita",
    "error": null
  },
  {
    "rank": 53,
    "city": "Cleveland",
    "state": "Ohio",
    "population": 356556,
    "url": "https://www.remax.com/homes-for-sale/oh/cleveland/city/3916000",
    "place_key": "3916000",
    "state_code": "oh",
    "city_slug": "cleveland",
    "error": null
  },
  {
    "rank": 54,
    "city": "New Orleans",
    "state": "Louisiana",
    "population": 351399,
    "url": "https://www.remax.com/homes-for-sale/la/new-orleans/city/2255000",
    "place_key": "2255000",
    "state_code": "la",
    "city_slug": "new-orleans",
    "error": null
  },
  {
    "rank": 55,
    "city": "Henderson",
    "state": "Nevada",
    "population": 349460,
    "url": "https://www.remax.com/homes-for-sale/nv/henderson/city/3231900",
    "place_key": "3231900",
    "state_code": "nv",
    "city_slug": "henderson",
    "error": null
  },
  {
    "rank": 56,
    "city": "Honolulu",
    "state": "Hawaii",
    "population": 337338,
    "url": "https://www.remax.com/homes-for-sale/hi/honolulu/city/1500390810",
    "place_key": "1500390810",
    "state_code": "hi",
    "city_slug": "honolulu",
    "error": null
  },
  {
    "rank": 57,
    "city": "Anaheim",
    "state": "California",
    "population": 336414,
    "url": "https://www.remax.com/homes-for-sale/ca/anaheim-santa-ana-garden-grove/city/0605990050",
    "place_key": "0605990050",
    "state_code": "ca",
    "city_slug": "anaheim-santa-ana-garden-grove",
    "error": null
  },
  {
    "rank": 58,
    "city": "Orlando",
    "state": "Florida",
    "population": 329347,
    "url": "https://www.remax.com/homes-for-sale/fl/orlando/city/1253000",
    "place_key": "1253000",
    "state_code": "fl",
    "city_slug": "orlando",
    "error": null
  },
  {
    "rank": 59,
    "city": "Riverside",
    "state": "California",
    "population": 321385,
    "url": "https://www.remax.com/homes-for-sale/ca/riverside/city/0662000",
    "place_key": "0662000",
    "state_code": "ca",
    "city_slug": "riverside",
    "error": null
  },
  {
    "rank": 60,
    "city": "Irvine",
    "state": "California",
    "population": 318761,
    "url": "https://www.remax.com/homes-for-sale/ca/irvine-lake-forest/city/0605991413",
    "place_key": "0605991413",
    "state_code": "ca",
    "city_slug": "irvine-lake-forest",
    "error": null
  },
  {
    "rank": 61,
    "city": "Stockton",
    "state": "California",
    "population": 318587,
    "url": "https://www.remax.com/homes-for-sale/ca/stockton/city/0675000",
    "place_key": "0675000",
    "state_code": "ca",
    "city_slug": "stockton",
    "error": null
  },
  {
    "rank": 62,
    "city": "Lexington",
    "state": "Kentucky",
    "population": 318505,
    "url": "https://www.remax.com/homes-for-sale/ky/lexington-fayette/city/2146027",
    "place_key": "2146027",
    "state_code": "ky",
    "city_slug": "lexington-fayette",
    "error": null
  },
  {
    "rank": 63,
    "city": "Corpus Christi",
    "state": "Texas",
    "population": 315615,
    "url": "https://www.remax.com/homes-for-sale/tx/corpus-christi/city/4817000",
    "place_key": "4817000",
    "state_code": "tx",
    "city_slug": "corpus-christi",
    "error": null
  },
  {
    "rank": 64,
    "city": "Cincinnati",
    "state": "Ohio",
    "population": 312094,
    "url": "https://www.remax.com/homes-for-sale/oh/cincinnati/city/3915000",
    "place_key": "3915000",
    "state_code": "oh",
    "city_slug": "cincinnati",
    "error": null
  },
  {
    "rank": 65,
    "city": "Santa Ana",
    "state": "California",
    "population": 310069,
    "url": "https://www.remax.com/homes-for-sale/ca/anaheim-santa-ana-garden-grove/city/0605990050",
    "place_key": "0605990050",
    "state_code": "ca",
    "city_slug": "anaheim-santa-ana-garden-grove",
    "error": null
  },
  {
    "rank": 66,
    "city": "Greensboro",
    "state": "North Carolina",
    "population": 306263,
    "url": "https://www.remax.com/homes-for-sale/nc/greensboro/city/3728000",
    "place_key": "3728000",
    "state_code": "nc",
    "city_slug": "greensboro",
    "error": null
  },
  {
    "rank": 67,
    "city": "Durham",
    "state": "North Carolina",
    "population": 304014,
    "url": "https://www.remax.com/homes-for-sale/nc/durham/city/3719000",
    "place_key": "3719000",
    "state_code": "nc",
    "city_slug": "durham",
    "error": null
  },
  {
    "rank": 68,
    "city": "Pittsburgh",
    "state": "Pennsylvania",
    "population": 303572,
    "url": "https://www.remax.com/homes-for-sale/pa/pittsburgh/city/4261000",
    "place_key": "4261000",
    "state_code": "pa",
    "city_slug": "pittsburgh",
    "error": null
  },
  {
    "rank": 69,
    "city": "Newark",
    "state": "New Jersey",
    "population": 301170,
    "url": "https://www.remax.com/homes-for-sale/nj/newark/city/3451000",
    "place_key": "3451000",
    "state_code": "nj",
    "city_slug": "newark",
    "error": null
  },
  {
    "rank": 70,
    "city": "North Las Vegas",
    "state": "Nevada",
    "population": 300475,
    "url": "https://www.remax.com/homes-for-sale/nv/north-las-vegas/city/3251800",
    "place_key": "3251800",
    "state_code": "nv",
    "city_slug": "north-las-vegas",
    "error": null
  },
  {
    "rank": 71,
    "city": "St. Paul",
    "state": "Minnesota",
    "population": 298940,
    "url": "https://www.remax.com/homes-for-sale/mn/st.-paul/city/2758000",
    "place_key": "2758000",
    "state_code": "mn",
    "city_slug": "st.-paul",
    "error": null
  },
  {
    "rank": 72,
    "city": "Lincoln",
    "state": "Nebraska",
    "population": 296839,
    "url": "https://www.remax.com/homes-for-sale/ne/lincoln/city/3128000",
    "place_key": "3128000",
    "state_code": "ne",
    "city_slug": "lincoln",
    "error": null
  },
  {
    "rank": 73,
    "city": "Plano",
    "state": "Texas",
    "population": 292711,
    "url": "https://www.remax.com/homes-for-sale/tx/plano/city/4858016",
    "place_key": "4858016",
    "state_code": "tx",
    "city_slug": "plano",
    "error": null
  },
  {
    "rank": 74,
    "city": "Jersey City",
    "state": "New Jersey",
    "population": 291462,
    "url": "https://www.remax.com/homes-for-sale/nj/jersey-city/city/3436000",
    "place_key": "3436000",
    "state_code": "nj",
    "city_slug": "jersey-city",
    "error": null
  },
  {
    "rank": 75,
    "city": "Madison",
    "state": "Wisconsin",
    "population": 283705,
    "url": "https://www.remax.com/homes-for-sale/wi/madison/city/5548000",
    "place_key": "5548000",
    "state_code": "wi",
    "city_slug": "madison",
    "error": null
  },
  {
    "rank": 76,
    "city": "Anchorage",
    "state": "Alaska",
    "population": 282863,
    "url": "https://www.remax.com/homes-for-sale/ak/anchorage/city/0203000",
    "place_key": "0203000",
    "state_code": "ak",
    "city_slug": "anchorage",
    "error": null
  },
  {
    "rank": 77,
    "city": "Chandler",
    "state": "Arizona",
    "population": 282048,
    "url": "https://www.remax.com/homes-for-sale/az/chandler/city/0412000",
    "place_key": "0412000",
    "state_code": "az",
    "city_slug": "chandler",
    "error": null
  },
  {
    "rank": 78,
    "city": "Reno",
    "state": "Nevada",
    "population": 281537,
    "url": "https://www.remax.com/homes-for-sale/nv/reno/city/3260600",
    "place_key": "3260600",
    "state_code": "nv",
    "city_slug": "reno",
    "error": null
  },
  {
    "rank": 79,
    "city": "Gilbert",
    "state": "Arizona",
    "population": 279569,
    "url": "https://www.remax.com/homes-for-sale/az/gilbert/city/0427400",
    "place_key": "0427400",
    "state_code": "az",
    "city_slug": "gilbert",
    "error": null
  },
  {
    "rank": 80,
    "city": "Fort Wayne",
    "state": "Indiana",
    "population": 273736,
    "url": "https://www.remax.com/homes-for-sale/in/fort-wayne/city/1825000",
    "place_key": "1825000",
    "state_code": "in",
    "city_slug": "fort-wayne",
    "error": null
  },
  {
    "rank": 81,
    "city": "Chula Vista",
    "state": "California",
    "population": 273349,
    "url": "https://www.remax.com/homes-for-sale/ca/chula-vista/city/0613392",
    "place_key": "0613392",
    "state_code": "ca",
    "city_slug": "chula-vista",
    "error": null
  },
  {
    "rank": 82,
    "city": "Lubbock",
    "state": "Texas",
    "population": 272788,
    "url": "https://www.remax.com/homes-for-sale/tx/lubbock/city/4845000",
    "place_key": "4845000",
    "state_code": "tx",
    "city_slug": "lubbock",
    "error": null
  },
  {
    "rank": 83,
    "city": "Buffalo",
    "state": "New York",
    "population": 272762,
    "url": "https://www.remax.com/homes-for-sale/ny/buffalo/city/3611000",
    "place_key": "3611000",
    "state_code": "ny",
    "city_slug": "buffalo",
    "error": null
  },
  {
    "rank": 84,
    "city": "Port St. Lucie",
    "state": "Florida",
    "population": 270491,
    "url": "https://www.remax.com/homes-for-sale/fl/port-saint-lucie/city/1258715",
    "place_key": "1258715",
    "state_code": "fl",
    "city_slug": "port-saint-lucie",
    "error": null
  },
  {
    "rank": 85,
    "city": "St. Louis",
    "state": "Missouri",
    "population": 269259,
    "url": "https://www.remax.com/homes-for-sale/mo/st.-louis/city/2965000",
    "place_key": "2965000",
    "state_code": "mo",
    "city_slug": "st.-louis",
    "error": null
  },
  {
    "rank": 86,
    "city": "St. Petersburg",
    "state": "Florida",
    "population": 266411,
    "url": "https://www.remax.com/homes-for-sale/fl/st.-petersburg/city/1263000",
    "place_key": "1263000",
    "state_code": "fl",
    "city_slug": "st.-petersburg",
    "error": null
  },
  {
    "rank": 87,
    "city": "Toledo",
    "state": "Ohio",
    "population": 261989,
    "url": "https://www.remax.com/homes-for-sale/oh/toledo/city/3977000",
    "place_key": "3977000",
    "state_code": "oh",
    "city_slug": "toledo",
    "error": null
  },
  {
    "rank": 88,
    "city": "Laredo",
    "state": "Texas",
    "population": 259010,
    "url": "https://www.remax.com/homes-for-sale/tx/laredo/city/4841464",
    "place_key": "4841464",
    "state_code": "tx",
    "city_slug": "laredo",
    "error": null
  },
  {
    "rank": 89,
    "city": "Glendale",
    "state": "Arizona",
    "population": 257125,
    "url": "https://www.remax.com/homes-for-sale/az/glendale/city/0427820",
    "place_key": "0427820",
    "state_code": "az",
    "city_slug": "glendale",
    "error": null
  },
  {
    "rank": 90,
    "city": "Chesapeake",
    "state": "Virginia",
    "population": 256622,
    "url": "https://www.remax.com/homes-for-sale/va/chesapeake/city/5116000",
    "place_key": "5116000",
    "state_code": "va",
    "city_slug": "chesapeake",
    "error": null
  },
  {
    "rank": 91,
    "city": "Winston-Salem",
    "state": "North Carolina",
    "population": 255089,
    "url": "https://www.remax.com/homes-for-sale/nc/winston-salem/city/3775000",
    "place_key": "3775000",
    "state_code": "nc",
    "city_slug": "winston-salem",
    "error": null
  },
  {
    "rank": 92,
    "city": "Enterprise",
    "state": "Nevada",
    "population": 254706,
    "url": "https://www.remax.com/homes-for-sale/nv/enterprise/city/3223770",
    "place_key": "3223770",
    "state_code": "nv",
    "city_slug": "enterprise",
    "error": null
  },
  {
    "rank": 93,
    "city": "Irving",
    "state": "Texas",
    "population": 252750,
    "url": "https://www.remax.com/homes-for-sale/tx/irving/city/4837000",
    "place_key": "4837000",
    "state_code": "tx",
    "city_slug": "irving",
    "error": null
  },
  {
    "rank": 94,
    "city": "Scottsdale",
    "state": "Arizona",
    "population": 246068,
    "url": "https://www.remax.com/homes-for-sale/az/scottsdale/city/0465000",
    "place_key": "0465000",
    "state_code": "az",
    "city_slug": "scottsdale",
    "error": null
  },
  {
    "rank": 95,
    "city": "Cape Coral",
    "state": "Florida",
    "population": 243810,
    "url": "https://www.remax.com/homes-for-sale/fl/cape-coral/city/1210275",
    "place_key": "1210275",
    "state_code": "fl",
    "city_slug": "cape-coral",
    "error": null
  },
  {
    "rank": 96,
    "city": "Arlington",
    "state": "Virginia",
    "population": 242900,
    "url": "https://www.remax.com/homes-for-sale/tx/arlington/city/4804000",
    "place_key": "4804000",
    "state_code": "tx",
    "city_slug": "arlington",
    "error": null
  },
  {
    "rank": 97,
    "city": "Garland",
    "state": "Texas",
    "population": 241576,
    "url": "https://www.remax.com/homes-for-sale/tx/garland/city/4829000",
    "place_key": "4829000",
    "state_code": "tx",
    "city_slug": "garland",
    "error": null
  },
  {
    "rank": 98,
    "city": "Frisco",
    "state": "Texas",
    "population": 239842,
    "url": "https://www.remax.com/homes-for-sale/tx/frisco/city/4827684",
    "place_key": "4827684",
    "state_code": "tx",
    "city_slug": "frisco",
    "error": null
  },
  {
    "rank": 99,
    "city": "Boise City",
    "state": "Idaho",
    "population": 235012,
    "url": "https://www.remax.com/homes-for-sale/id/boise-city/city/1600190345",
    "place_key": "1600190345",
    "state_code": "id",
    "city_slug": "boise-city",
    "error": null
  },
  {
    "rank": 100,
    "city": "Huntsville",
    "state": "Alabama",
    "population": 231668,
    "url": "https://www.remax.com/homes-for-sale/al/huntsville/city/0137000",
    "place_key": "0137000",
    "state_code": "al",
    "city_slug": "huntsville",
    "error": null
  },
  {
    "rank": 101,
    "city": "Richmond",
    "state": "Virginia",
    "population": 230787,
    "url": "https://www.remax.com/homes-for-sale/tx/rosenberg-richmond/city/4815793337",
    "place_key": "4815793337",
    "state_code": "tx",
    "city_slug": "rosenberg-richmond",
    "error": null
  },
  {
    "rank": 102,
    "city": "Spring Valley",
    "state": "Nevada",
    "population": 230544,
    "url": "https://www.remax.com/homes-for-sale/nv/spring-valley/city/3268585",
    "place_key": "3268585",
    "state_code": "nv",
    "city_slug": "spring-valley",
    "error": null
  },
  {
    "rank": 103,
    "city": "Spokane",
    "state": "Washington",
    "population": 229608,
    "url": "https://www.remax.com/homes-for-sale/wa/spokane/city/5367000",
    "place_key": "5367000",
    "state_code": "wa",
    "city_slug": "spokane",
    "error": null
  },
  {
    "rank": 104,
    "city": "Norfolk",
    "state": "Virginia",
    "population": 226357,
    "url": "https://www.remax.com/homes-for-sale/va/norfolk/city/5157000",
    "place_key": "5157000",
    "state_code": "va",
    "city_slug": "norfolk",
    "error": null
  },
  {
    "rank": 105,
    "city": "Tacoma",
    "state": "Washington",
    "population": 225030,
    "url": "https://www.remax.com/homes-for-sale/wa/tacoma/city/5370000",
    "place_key": "5370000",
    "state_code": "wa",
    "city_slug": "tacoma",
    "error": null
  },
  {
    "rank": 106,
    "city": "San Bernardino",
    "state": "California",
    "population": 224820,
    "url": "https://www.remax.com/homes-for-sale/ca/san-bernardino/city/0665000",
    "place_key": "0665000",
    "state_code": "ca",
    "city_slug": "san-bernardino",
    "error": null
  },
  {
    "rank": 107,
    "city": "McKinney",
    "state": "Texas",
    "population": 224183,
    "url": "https://www.remax.com/homes-for-sale/tx/mckinney/city/4845744",
    "place_key": "4845744",
    "state_code": "tx",
    "city_slug": "mckinney",
    "error": null
  },
  {
    "rank": 108,
    "city": "Fremont",
    "state": "California",
    "population": 223393,
    "url": "https://www.remax.com/homes-for-sale/ca/fremont/city/0626000",
    "place_key": "0626000",
    "state_code": "ca",
    "city_slug": "fremont",
    "error": null
  },
  {
    "rank": 109,
    "city": "Hialeah",
    "state": "Florida",
    "population": 220561,
    "url": "https://www.remax.com/homes-for-sale/fl/hialeah/city/1230000",
    "place_key": "1230000",
    "state_code": "fl",
    "city_slug": "hialeah",
    "error": null
  },
  {
    "rank": 110,
    "city": "Fontana",
    "state": "California",
    "population": 219657,
    "url": "https://www.remax.com/homes-for-sale/ca/fontana/city/0624680",
    "place_key": "0624680",
    "state_code": "ca",
    "city_slug": "fontana",
    "error": null
  },
  {
    "rank": 111,
    "city": "Modesto",
    "state": "California",
    "population": 219064,
    "url": "https://www.remax.com/homes-for-sale/ca/modesto/city/0648354",
    "place_key": "0648354",
    "state_code": "ca",
    "city_slug": "modesto",
    "error": null
  },
  {
    "rank": 112,
    "city": "Santa Clarita",
    "state": "California",
    "population": 218442,
    "url": "https://www.remax.com/homes-for-sale/ca/santa-clarita/city/0669088",
    "place_key": "0669088",
    "state_code": "ca",
    "city_slug": "santa-clarita",
    "error": null
  },
  {
    "rank": 113,
    "city": "Salt Lake City",
    "state": "Utah",
    "population": 215548,
    "url": "https://www.remax.com/homes-for-sale/ut/salt-lake-city/city/4967000",
    "place_key": "4967000",
    "state_code": "ut",
    "city_slug": "salt-lake-city",
    "error": null
  },
  {
    "rank": 114,
    "city": "Baton Rouge",
    "state": "Louisiana",
    "population": 215112,
    "url": "https://www.remax.com/homes-for-sale/la/baton-rouge/city/2205000",
    "place_key": "2205000",
    "state_code": "la",
    "city_slug": "baton-rouge",
    "error": null
  },
  {
    "rank": 115,
    "city": "Sioux Falls",
    "state": "South Dakota",
    "population": 215058,
    "url": "https://www.remax.com/homes-for-sale/sd/sioux-falls/city/4659020",
    "place_key": "4659020",
    "state_code": "sd",
    "city_slug": "sioux-falls",
    "error": null
  },
  {
    "rank": 116,
    "city": "Moreno Valley",
    "state": "California",
    "population": 214741,
    "url": "https://www.remax.com/homes-for-sale/ca/moreno-valley/city/0649270",
    "place_key": "0649270",
    "state_code": "ca",
    "city_slug": "moreno-valley",
    "error": null
  },
  {
    "rank": 117,
    "city": "Fayetteville",
    "state": "North Carolina",
    "population": 210135,
    "url": "https://www.remax.com/homes-for-sale/nc/fayetteville/city/3722920",
    "place_key": "3722920",
    "state_code": "nc",
    "city_slug": "fayetteville",
    "error": null
  },
  {
    "rank": 118,
    "city": "Worcester",
    "state": "Massachusetts",
    "population": 209331,
    "url": "https://www.remax.com/homes-for-sale/ma/worcester/city/2582000",
    "place_key": "2582000",
    "state_code": "ma",
    "city_slug": "worcester",
    "error": null
  },
  {
    "rank": 119,
    "city": "Des Moines",
    "state": "Iowa",
    "population": 208084,
    "url": "https://www.remax.com/homes-for-sale/ia/des-moines/city/1921000",
    "place_key": "1921000",
    "state_code": "ia",
    "city_slug": "des-moines",
    "error": null
  },
  {
    "rank": 120,
    "city": "Grand Prairie",
    "state": "Texas",
    "population": 206053,
    "url": "https://www.remax.com/homes-for-sale/tx/grand-prairie/city/4830464",
    "place_key": "4830464",
    "state_code": "tx",
    "city_slug": "grand-prairie",
    "error": null
  },
  {
    "rank": 121,
    "city": "Yonkers",
    "state": "New York",
    "population": 205432,
    "url": "https://www.remax.com/homes-for-sale/ny/yonkers/city/3684000",
    "place_key": "3684000",
    "state_code": "ny",
    "city_slug": "yonkers",
    "error": null
  },
  {
    "rank": 122,
    "city": "Tallahassee",
    "state": "Florida",
    "population": 205079,
    "url": "https://www.remax.com/homes-for-sale/fl/tallahassee/city/1270600",
    "place_key": "1270600",
    "state_code": "fl",
    "city_slug": "tallahassee",
    "error": null
  },
  {
    "rank": 123,
    "city": "Rochester",
    "state": "New York",
    "population": 204882,
    "url": "https://www.remax.com/homes-for-sale/ny/rochester/city/3663000",
    "place_key": "3663000",
    "state_code": "ny",
    "city_slug": "rochester",
    "error": null
  },
  {
    "rank": 124,
    "city": "Little Rock",
    "state": "Arkansas",
    "population": 204647,
    "url": "https://www.remax.com/homes-for-sale/ar/little-rock/city/0541000",
    "place_key": "0541000",
    "state_code": "ar",
    "city_slug": "little-rock",
    "error": null
  },
  {
    "rank": 125,
    "city": "Amarillo",
    "state": "Texas",
    "population": 203662,
    "url": "https://www.remax.com/homes-for-sale/tx/amarillo/city/4803000",
    "place_key": "4803000",
    "state_code": "tx",
    "city_slug": "amarillo",
    "error": null
  },
  {
    "rank": 126,
    "city": "Peoria",
    "state": "Arizona",
    "population": 203252,
    "url": "https://www.remax.com/homes-for-sale/az/peoria/city/0454050",
    "place_key": "0454050",
    "state_code": "az",
    "city_slug": "peoria",
    "error": null
  },
  {
    "rank": 127,
    "city": "Knoxville",
    "state": "Tennessee",
    "population": 202639,
    "url": "https://www.remax.com/homes-for-sale/tn/knoxville/city/4740000",
    "place_key": "4740000",
    "state_code": "tn",
    "city_slug": "knoxville",
    "error": null
  },
  {
    "rank": 128,
    "city": "Sunrise Manor",
    "state": "Nevada",
    "population": 200563,
    "url": "https://www.remax.com/homes-for-sale/nv/sunrise-manor/city/3271400",
    "place_key": "3271400",
    "state_code": "nv",
    "city_slug": "sunrise-manor",
    "error": null
  },
  {
    "rank": 129,
    "city": "Augusta",
    "state": "Georgia",
    "population": 200140,
    "url": "https://www.remax.com/homes-for-sale/ga/augusta-richmond-county/city/1304204",
    "place_key": "1304204",
    "state_code": "ga",
    "city_slug": "augusta-richmond-county",
    "error": null
  },
  {
    "rank": 130,
    "city": "Vancouver",
    "state": "Washington",
    "population": 199884,
    "url": "https://www.remax.com/homes-for-sale/wa/vancouver/city/5374060",
    "place_key": "5374060",
    "state_code": "wa",
    "city_slug": "vancouver",
    "error": null
  },
  {
    "rank": 131,
    "city": "Columbus",
    "state": "Georgia",
    "population": 198457,
    "url": "https://www.remax.com/homes-for-sale/oh/columbus/city/3918000",
    "place_key": "3918000",
    "state_code": "oh",
    "city_slug": "columbus",
    "error": null
  },
  {
    "rank": 132,
    "city": "Overland Park",
    "state": "Kansas",
    "population": 196659,
    "url": "https://www.remax.com/homes-for-sale/ks/overland-park/city/2053775",
    "place_key": "2053775",
    "state_code": "ks",
    "city_slug": "overland-park",
    "error": null
  },
  {
    "rank": 133,
    "city": "Oxnard",
    "state": "California",
    "population": 196206,
    "url": "https://www.remax.com/homes-for-sale/ca/oxnard/city/0654652",
    "place_key": "0654652",
    "state_code": "ca",
    "city_slug": "oxnard",
    "error": null
  },
  {
    "rank": 134,
    "city": "Grand Rapids",
    "state": "Michigan",
    "population": 195208,
    "url": "https://www.remax.com/homes-for-sale/mi/grand-rapids/city/2634000",
    "place_key": "2634000",
    "state_code": "mi",
    "city_slug": "grand-rapids",
    "error": null
  },
  {
    "rank": 135,
    "city": "Birmingham",
    "state": "Alabama",
    "population": 194156,
    "url": "https://www.remax.com/homes-for-sale/al/birmingham/city/0107000",
    "place_key": "0107000",
    "state_code": "al",
    "city_slug": "birmingham",
    "error": null
  },
  {
    "rank": 136,
    "city": "Tempe",
    "state": "Arizona",
    "population": 192838,
    "url": "https://www.remax.com/homes-for-sale/az/tempe/city/0473000",
    "place_key": "0473000",
    "state_code": "az",
    "city_slug": "tempe",
    "error": null
  },
  {
    "rank": 137,
    "city": "Brownsville",
    "state": "Texas",
    "population": 192260,
    "url": "https://www.remax.com/homes-for-sale/tx/brownsville/city/4810768",
    "place_key": "4810768",
    "state_code": "tx",
    "city_slug": "brownsville",
    "error": null
  },
  {
    "rank": 138,
    "city": "Montgomery",
    "state": "Alabama",
    "population": 192117,
    "url": "https://www.remax.com/homes-for-sale/tx/southeast-montgomery/city/4833993655",
    "place_key": "4833993655",
    "state_code": "tx",
    "city_slug": "southeast-montgomery",
    "error": null
  },
  {
    "rank": 139,
    "city": "Providence",
    "state": "Rhode Island",
    "population": 190823,
    "url": "https://www.remax.com/homes-for-sale/ri/providence/city/4459000",
    "place_key": "4459000",
    "state_code": "ri",
    "city_slug": "providence",
    "error": null
  },
  {
    "rank": 140,
    "city": "Chattanooga",
    "state": "Tennessee",
    "population": 190671,
    "url": "https://www.remax.com/homes-for-sale/tn/chattanooga/city/4714000",
    "place_key": "4714000",
    "state_code": "tn",
    "city_slug": "chattanooga",
    "error": null
  },
  {
    "rank": 141,
    "city": "Clarksville",
    "state": "Tennessee",
    "population": 189520,
    "url": "https://www.remax.com/homes-for-sale/tn/clarksville/city/4715160",
    "place_key": "4715160",
    "state_code": "tn",
    "city_slug": "clarksville",
    "error": null
  },
  {
    "rank": 142,
    "city": "Huntington Beach",
    "state": "California",
    "population": 187945,
    "url": "https://www.remax.com/homes-for-sale/ca/huntington-beach/city/0636000",
    "place_key": "0636000",
    "state_code": "ca",
    "city_slug": "huntington-beach",
    "error": null
  },
  {
    "rank": 143,
    "city": "Akron",
    "state": "Ohio",
    "population": 187737,
    "url": "https://www.remax.com/homes-for-sale/oh/akron/city/3901000",
    "place_key": "3901000",
    "state_code": "oh",
    "city_slug": "akron",
    "error": null
  },
  {
    "rank": 144,
    "city": "Ontario",
    "state": "California",
    "population": 186953,
    "url": "https://www.remax.com/homes-for-sale/ca/ontario/city/0653896",
    "place_key": "0653896",
    "state_code": "ca",
    "city_slug": "ontario",
    "error": null
  },
  {
    "rank": 145,
    "city": "Fort Lauderdale",
    "state": "Florida",
    "population": 185163,
    "url": "https://www.remax.com/homes-for-sale/fl/fort-lauderdale/city/1224000",
    "place_key": "1224000",
    "state_code": "fl",
    "city_slug": "fort-lauderdale",
    "error": null
  },
  {
    "rank": 146,
    "city": "Cary",
    "state": "North Carolina",
    "population": 183498,
    "url": "https://www.remax.com/homes-for-sale/nc/cary/city/3710740",
    "place_key": "3710740",
    "state_code": "nc",
    "city_slug": "cary",
    "error": null
  },
  {
    "rank": 147,
    "city": "Paradise",
    "state": "Nevada",
    "population": 181375,
    "url": "https://www.remax.com/homes-for-sale/nv/paradise/city/3254600",
    "place_key": "3254600",
    "state_code": "nv",
    "city_slug": "paradise",
    "error": null
  },
  {
    "rank": 148,
    "city": "Newport News",
    "state": "Virginia",
    "population": 181165,
    "url": "https://www.remax.com/homes-for-sale/va/newport-news/city/5156000",
    "place_key": "5156000",
    "state_code": "va",
    "city_slug": "newport-news",
    "error": null
  },
  {
    "rank": 149,
    "city": "Glendale",
    "state": "California",
    "population": 181127,
    "url": "https://www.remax.com/homes-for-sale/az/glendale/city/0427820",
    "place_key": "0427820",
    "state_code": "az",
    "city_slug": "glendale",
    "error": null
  },
  {
    "rank": 150,
    "city": "Mobile",
    "state": "Alabama",
    "population": 179911,
    "url": "https://www.remax.com/homes-for-sale/al/mobile/city/0150000",
    "place_key": "0150000",
    "state_code": "al",
    "city_slug": "mobile",
    "error": null
  },
  {
    "rank": 151,
    "city": "Elk Grove",
    "state": "California",
    "population": 179694,
    "url": "https://www.remax.com/homes-for-sale/ca/elk-grove/city/0622020",
    "place_key": "0622020",
    "state_code": "ca",
    "city_slug": "elk-grove",
    "error": null
  },
  {
    "rank": 152,
    "city": "Salem",
    "state": "Oregon",
    "population": 178425,
    "url": "https://www.remax.com/homes-for-sale/or/salem/city/4164900",
    "place_key": "4164900",
    "state_code": "or",
    "city_slug": "salem",
    "error": null
  },
  {
    "rank": 153,
    "city": "Eugene",
    "state": "Oregon",
    "population": 178213,
    "url": "https://www.remax.com/homes-for-sale/or/eugene-springfield/city/4103991105",
    "place_key": "4103991105",
    "state_code": "or",
    "city_slug": "eugene-springfield",
    "error": null
  },
  {
    "rank": 154,
    "city": "Aurora",
    "state": "Illinois",
    "population": 175795,
    "url": "https://www.remax.com/homes-for-sale/co/aurora/city/0804000",
    "place_key": "0804000",
    "state_code": "co",
    "city_slug": "aurora",
    "error": null
  },
  {
    "rank": 155,
    "city": "Santa Rosa",
    "state": "California",
    "population": 174435,
    "url": "https://www.remax.com/homes-for-sale/ca/santa-rosa/city/0670098",
    "place_key": "0670098",
    "state_code": "ca",
    "city_slug": "santa-rosa",
    "error": null
  },
  {
    "rank": 156,
    "city": "Rancho Cucamonga",
    "state": "California",
    "population": 174219,
    "url": "https://www.remax.com/homes-for-sale/ca/rancho-cucamonga/city/0659451",
    "place_key": "0659451",
    "state_code": "ca",
    "city_slug": "rancho-cucamonga",
    "error": null
  },
  {
    "rank": 157,
    "city": "Murfreesboro",
    "state": "Tennessee",
    "population": 173212,
    "url": "https://www.remax.com/homes-for-sale/tn/murfreesboro/city/4751560",
    "place_key": "4751560",
    "state_code": "tn",
    "city_slug": "murfreesboro",
    "error": null
  },
  {
    "rank": 158,
    "city": "Shreveport",
    "state": "Louisiana",
    "population": 172033,
    "url": "https://www.remax.com/homes-for-sale/la/shreveport/city/2270000",
    "place_key": "2270000",
    "state_code": "la",
    "city_slug": "shreveport",
    "error": null
  },
  {
    "rank": 159,
    "city": "Pembroke Pines",
    "state": "Florida",
    "population": 171149,
    "url": "https://www.remax.com/homes-for-sale/fl/miramar-pembroke-pines/city/1201192236",
    "place_key": "1201192236",
    "state_code": "fl",
    "city_slug": "miramar-pembroke-pines",
    "error": null
  },
  {
    "rank": 160,
    "city": "Springfield",
    "state": "Missouri",
    "population": 170862,
    "url": "https://www.remax.com/homes-for-sale/or/eugene-springfield/city/4103991105",
    "place_key": "4103991105",
    "state_code": "or",
    "city_slug": "eugene-springfield",
    "error": null
  },
  {
    "rank": 161,
    "city": "Fort Collins",
    "state": "Colorado",
    "population": 170638,
    "url": "https://www.remax.com/homes-for-sale/co/fort-collins/city/0827425",
    "place_key": "0827425",
    "state_code": "co",
    "city_slug": "fort-collins",
    "error": null
  },
  {
    "rank": 162,
    "city": "Denton",
    "state": "Texas",
    "population": 169843,
    "url": "https://www.remax.com/homes-for-sale/tx/denton/city/4819972",
    "place_key": "4819972",
    "state_code": "tx",
    "city_slug": "denton",
    "error": null
  },
  {
    "rank": 163,
    "city": "Surprise",
    "state": "Arizona",
    "population": 167537,
    "url": "https://www.remax.com/homes-for-sale/az/surprise/city/0471510",
    "place_key": "0471510",
    "state_code": "az",
    "city_slug": "surprise",
    "error": null
  },
  {
    "rank": 164,
    "city": "Oceanside",
    "state": "California",
    "population": 167390,
    "url": "https://www.remax.com/homes-for-sale/ca/oceanside-escondido/city/0607392240",
    "place_key": "0607392240",
    "state_code": "ca",
    "city_slug": "oceanside-escondido",
    "error": null
  },
  {
    "rank": 165,
    "city": "Roseville",
    "state": "California",
    "population": 166214,
    "url": "https://www.remax.com/homes-for-sale/ca/roseville/city/0662938",
    "place_key": "0662938",
    "state_code": "ca",
    "city_slug": "roseville",
    "error": null
  },
  {
    "rank": 166,
    "city": "Garden Grove",
    "state": "California",
    "population": 165814,
    "url": "https://www.remax.com/homes-for-sale/ca/anaheim-santa-ana-garden-grove/city/0605990050",
    "place_key": "0605990050",
    "state_code": "ca",
    "city_slug": "anaheim-santa-ana-garden-grove",
    "error": null
  },
  {
    "rank": 167,
    "city": "Killeen",
    "state": "Texas",
    "population": 163581,
    "url": "https://www.remax.com/homes-for-sale/tx/killeen/city/4839148",
    "place_key": "4839148",
    "state_code": "tx",
    "city_slug": "killeen",
    "error": null
  },
  {
    "rank": 168,
    "city": "Corona",
    "state": "California",
    "population": 162084,
    "url": "https://www.remax.com/homes-for-sale/ca/coronado/city/0616378",
    "place_key": "0616378",
    "state_code": "ca",
    "city_slug": "coronado",
    "error": null
  },
  {
    "rank": 169,
    "city": "Lancaster",
    "state": "California",
    "population": 161664,
    "url": "https://www.remax.com/homes-for-sale/ca/lancaster/city/0640130",
    "place_key": "0640130",
    "state_code": "ca",
    "city_slug": "lancaster",
    "error": null
  },
  {
    "rank": 170,
    "city": "Charleston",
    "state": "South Carolina",
    "population": 158367,
    "url": "https://www.remax.com/homes-for-sale/sc/charleston/city/4513330",
    "place_key": "4513330",
    "state_code": "sc",
    "city_slug": "charleston",
    "error": null
  },
  {
    "rank": 171,
    "city": "Salinas",
    "state": "California",
    "population": 156916,
    "url": "https://www.remax.com/homes-for-sale/ca/salinas/city/0664224",
    "place_key": "0664224",
    "state_code": "ca",
    "city_slug": "salinas",
    "error": null
  },
  {
    "rank": 172,
    "city": "Palmdale",
    "state": "California",
    "population": 156410,
    "url": "https://www.remax.com/homes-for-sale/ca/palmdale/city/0655156",
    "place_key": "0655156",
    "state_code": "ca",
    "city_slug": "palmdale",
    "error": null
  },
  {
    "rank": 173,
    "city": "Macon-Bibb County",
    "state": "Georgia",
    "population": 156163,
    "url": "https://www.remax.com/homes-for-sale/ga/macon-bibb-county/city/1349008",
    "place_key": "1349008",
    "state_code": "ga",
    "city_slug": "macon-bibb-county",
    "error": null
  },
  {
    "rank": 174,
    "city": "Lakewood",
    "state": "Colorado",
    "population": 155770,
    "url": "https://www.remax.com/homes-for-sale/ca/long-beach-lakewood/city/0603791730",
    "place_key": "0603791730",
    "state_code": "ca",
    "city_slug": "long-beach-lakewood",
    "error": null
  },
  {
    "rank": 175,
    "city": "Hollywood",
    "state": "Florida",
    "population": 154563,
    "url": "https://www.remax.com/homes-for-sale/fl/hollywood/city/1232000",
    "place_key": "1232000",
    "state_code": "fl",
    "city_slug": "hollywood",
    "error": null
  },
  {
    "rank": 176,
    "city": "Paterson",
    "state": "New Jersey",
    "population": 154538,
    "url": "https://www.remax.com/homes-for-sale/nj/paterson/city/3457000",
    "place_key": "3457000",
    "state_code": "nj",
    "city_slug": "paterson",
    "error": null
  },
  {
    "rank": 177,
    "city": "Alexandria",
    "state": "Virginia",
    "population": 152624,
    "url": "https://www.remax.com/homes-for-sale/va/alexandria/city/5101000",
    "place_key": "5101000",
    "state_code": "va",
    "city_slug": "alexandria",
    "error": null
  },
  {
    "rank": 178,
    "city": "Springfield",
    "state": "Massachusetts",
    "population": 152600,
    "url": "https://www.remax.com/homes-for-sale/or/eugene-springfield/city/4103991105",
    "place_key": "4103991105",
    "state_code": "or",
    "city_slug": "eugene-springfield",
    "error": null
  },
  {
    "rank": 179,
    "city": "Bellevue",
    "state": "Washington",
    "population": 151436,
    "url": "https://www.remax.com/homes-for-sale/wa/bellevue/city/5305210",
    "place_key": "5305210",
    "state_code": "wa",
    "city_slug": "bellevue",
    "error": null
  },
  {
    "rank": 180,
    "city": "Olathe",
    "state": "Kansas",
    "population": 151377,
    "url": "https://www.remax.com/homes-for-sale/ks/olathe/city/2052575",
    "place_key": "2052575",
    "state_code": "ks",
    "city_slug": "olathe",
    "error": null
  },
  {
    "rank": 181,
    "city": "Hayward",
    "state": "California",
    "population": 151014,
    "url": "https://www.remax.com/homes-for-sale/ca/hayward/city/0633000",
    "place_key": "0633000",
    "state_code": "ca",
    "city_slug": "hayward",
    "error": null
  },
  {
    "rank": 182,
    "city": "Naperville",
    "state": "Illinois",
    "population": 150795,
    "url": "https://www.remax.com/homes-for-sale/il/naperville/city/1751622",
    "place_key": "1751622",
    "state_code": "il",
    "city_slug": "naperville",
    "error": null
  },
  {
    "rank": 183,
    "city": "Kansas City",
    "state": "Kansas",
    "population": 150689,
    "url": "https://www.remax.com/homes-for-sale/mo/kansas-city/city/2938000",
    "place_key": "2938000",
    "state_code": "mo",
    "city_slug": "kansas-city",
    "error": null
  },
  {
    "rank": 184,
    "city": "Joliet",
    "state": "Illinois",
    "population": 150647,
    "url": "https://www.remax.com/homes-for-sale/il/joliet/city/1738570",
    "place_key": "1738570",
    "state_code": "il",
    "city_slug": "joliet",
    "error": null
  },
  {
    "rank": 185,
    "city": "Sunnyvale",
    "state": "California",
    "population": 149778,
    "url": "https://www.remax.com/homes-for-sale/ca/sunnyvale/city/0677000",
    "place_key": "0677000",
    "state_code": "ca",
    "city_slug": "sunnyvale",
    "error": null
  },
  {
    "rank": 186,
    "city": "McAllen",
    "state": "Texas",
    "population": 149385,
    "url": "https://www.remax.com/homes-for-sale/tx/mcallen-pharr/city/4821592340",
    "place_key": "4821592340",
    "state_code": "tx",
    "city_slug": "mcallen-pharr",
    "error": null
  },
  {
    "rank": 187,
    "city": "Bridgeport",
    "state": "Connecticut",
    "population": 148235,
    "url": "https://www.remax.com/homes-for-sale/ct/bridgeport/city/0908000",
    "place_key": "0908000",
    "state_code": "ct",
    "city_slug": "bridgeport",
    "error": null
  },
  {
    "rank": 188,
    "city": "Gainesville",
    "state": "Florida",
    "population": 148190,
    "url": "https://www.remax.com/homes-for-sale/fl/gainesville/city/1225175",
    "place_key": "1225175",
    "state_code": "fl",
    "city_slug": "gainesville",
    "error": null
  },
  {
    "rank": 189,
    "city": "Savannah",
    "state": "Georgia",
    "population": 147942,
    "url": "https://www.remax.com/homes-for-sale/ga/savannah/city/1369000",
    "place_key": "1369000",
    "state_code": "ga",
    "city_slug": "savannah",
    "error": null
  },
  {
    "rank": 190,
    "city": "Waco",
    "state": "Texas",
    "population": 147666,
    "url": "https://www.remax.com/homes-for-sale/tx/waco/city/4876000",
    "place_key": "4876000",
    "state_code": "tx",
    "city_slug": "waco",
    "error": null
  },
  {
    "rank": 191,
    "city": "Visalia",
    "state": "California",
    "population": 147149,
    "url": "https://www.remax.com/homes-for-sale/ca/visalia/city/0682954",
    "place_key": "0682954",
    "state_code": "ca",
    "city_slug": "visalia",
    "error": null
  },
  {
    "rank": 192,
    "city": "Thornton",
    "state": "Colorado",
    "population": 146746,
    "url": "https://www.remax.com/homes-for-sale/co/thornton/city/0877290",
    "place_key": "0877290",
    "state_code": "co",
    "city_slug": "thornton",
    "error": null
  },
  {
    "rank": 193,
    "city": "Columbia",
    "state": "South Carolina",
    "population": 146563,
    "url": "https://www.remax.com/homes-for-sale/mo/columbia/city/2915670",
    "place_key": "2915670",
    "state_code": "mo",
    "city_slug": "columbia",
    "error": null
  },
  {
    "rank": 194,
    "city": "Escondido",
    "state": "California",
    "population": 146194,
    "url": "https://www.remax.com/homes-for-sale/ca/oceanside-escondido/city/0607392240",
    "place_key": "0607392240",
    "state_code": "ca",
    "city_slug": "oceanside-escondido",
    "error": null
  },
  {
    "rank": 195,
    "city": "Palm Bay",
    "state": "Florida",
    "population": 145834,
    "url": "https://www.remax.com/homes-for-sale/fl/palm-bay/city/1254000",
    "place_key": "1254000",
    "state_code": "fl",
    "city_slug": "palm-bay",
    "error": null
  },
  {
    "rank": 196,
    "city": "Mesquite",
    "state": "Texas",
    "population": 145777,
    "url": "https://www.remax.com/homes-for-sale/tx/mesquite/city/4847892",
    "place_key": "4847892",
    "state_code": "tx",
    "city_slug": "mesquite",
    "error": null
  },
  {
    "rank": 197,
    "city": "Meridian",
    "state": "Idaho",
    "population": 145039,
    "url": "https://www.remax.com/homes-for-sale/id/meridian/city/1652120",
    "place_key": "1652120",
    "state_code": "id",
    "city_slug": "meridian",
    "error": null
  },
  {
    "rank": 198,
    "city": "Syracuse",
    "state": "New York",
    "population": 144782,
    "url": "https://www.remax.com/homes-for-sale/ny/syracuse/city/3673000",
    "place_key": "3673000",
    "state_code": "ny",
    "city_slug": "syracuse",
    "error": null
  },
  {
    "rank": 199,
    "city": "Rockford",
    "state": "Illinois",
    "population": 144420,
    "url": "https://www.remax.com/homes-for-sale/il/rockford/city/1765000",
    "place_key": "1765000",
    "state_code": "il",
    "city_slug": "rockford",
    "error": null
  },
  {
    "rank": 200,
    "city": "Pasadena",
    "state": "Texas",
    "population": 143614,
    "url": "https://www.remax.com/homes-for-sale/ca/pasadena/city/0656000",
    "place_key": "0656000",
    "state_code": "ca",
    "city_slug": "pasadena",
    "error": null
  },
  {
    "rank": 201,
    "city": "Midland",
    "state": "Texas",
    "population": 142068,
    "url": "https://www.remax.com/homes-for-sale/tx/midland/city/4848072",
    "place_key": "4848072",
    "state_code": "tx",
    "city_slug": "midland",
    "error": null
  },
  {
    "rank": 202,
    "city": "Pomona",
    "state": "California",
    "population": 141847,
    "url": "https://www.remax.com/homes-for-sale/ca/pomona/city/0658072",
    "place_key": "0658072",
    "state_code": "ca",
    "city_slug": "pomona",
    "error": null
  },
  {
    "rank": 203,
    "city": "Victorville",
    "state": "California",
    "population": 141689,
    "url": "https://www.remax.com/homes-for-sale/ca/victorville-hesperia/city/0607193555",
    "place_key": "0607193555",
    "state_code": "ca",
    "city_slug": "victorville-hesperia",
    "error": null
  },
  {
    "rank": 204,
    "city": "Miramar",
    "state": "Florida",
    "population": 140854,
    "url": "https://www.remax.com/homes-for-sale/fl/miramar-pembroke-pines/city/1201192236",
    "place_key": "1201192236",
    "state_code": "fl",
    "city_slug": "miramar-pembroke-pines",
    "error": null
  },
  {
    "rank": 205,
    "city": "Metairie",
    "state": "Louisiana",
    "population": 140437,
    "url": "https://www.remax.com/homes-for-sale/la/metairie/city/2250115",
    "place_key": "2250115",
    "state_code": "la",
    "city_slug": "metairie",
    "error": null
  },
  {
    "rank": 206,
    "city": "New Haven",
    "state": "Connecticut",
    "population": 139027,
    "url": "https://www.remax.com/homes-for-sale/ct/new-haven/city/0952000",
    "place_key": "0952000",
    "state_code": "ct",
    "city_slug": "new-haven",
    "error": null
  },
  {
    "rank": 207,
    "city": "Lewisville",
    "state": "Texas",
    "population": 138307,
    "url": "https://www.remax.com/homes-for-sale/tx/lewisville-flower-mound/city/4812192186",
    "place_key": "4812192186",
    "state_code": "tx",
    "city_slug": "lewisville-flower-mound",
    "error": null
  },
  {
    "rank": 208,
    "city": "Fargo",
    "state": "North Dakota",
    "population": 137989,
    "url": "https://www.remax.com/homes-for-sale/nd/fargo/city/3825700",
    "place_key": "3825700",
    "state_code": "nd",
    "city_slug": "fargo",
    "error": null
  },
  {
    "rank": 209,
    "city": "Orange",
    "state": "California",
    "population": 137594,
    "url": "https://www.remax.com/homes-for-sale/fl/southwest-orange/city/1209593198",
    "place_key": "1209593198",
    "state_code": "fl",
    "city_slug": "southwest-orange",
    "error": null
  },
  {
    "rank": 210,
    "city": "Jackson",
    "state": "Mississippi",
    "population": 137517,
    "url": "https://www.remax.com/homes-for-sale/fl/jacksonville/city/1235000",
    "place_key": "1235000",
    "state_code": "fl",
    "city_slug": "jacksonville",
    "error": null
  },
  {
    "rank": 211,
    "city": "Round Rock",
    "state": "Texas",
    "population": 136977,
    "url": "https://www.remax.com/homes-for-sale/tx/round-rock-georgetown/city/4849193343",
    "place_key": "4849193343",
    "state_code": "tx",
    "city_slug": "round-rock-georgetown",
    "error": null
  },
  {
    "rank": 212,
    "city": "Hampton",
    "state": "Virginia",
    "population": 136976,
    "url": "https://www.remax.com/homes-for-sale/va/hampton/city/5135000",
    "place_key": "5135000",
    "state_code": "va",
    "city_slug": "hampton",
    "error": null
  },
  {
    "rank": 213,
    "city": "Stamford",
    "state": "Connecticut",
    "population": 136735,
    "url": "https://www.remax.com/homes-for-sale/ct/stamford/city/0973000",
    "place_key": "0973000",
    "state_code": "ct",
    "city_slug": "stamford",
    "error": null
  },
  {
    "rank": 214,
    "city": "Fullerton",
    "state": "California",
    "population": 136572,
    "url": "https://www.remax.com/homes-for-sale/ca/fullerton/city/0628000",
    "place_key": "0628000",
    "state_code": "ca",
    "city_slug": "fullerton",
    "error": null
  },
  {
    "rank": 215,
    "city": "Coral Springs",
    "state": "Florida",
    "population": 135398,
    "url": "https://www.remax.com/homes-for-sale/fl/coral-springs-margate/city/1201190644",
    "place_key": "1201190644",
    "state_code": "fl",
    "city_slug": "coral-springs-margate",
    "error": null
  },
  {
    "rank": 216,
    "city": "Elizabeth",
    "state": "New Jersey",
    "population": 135263,
    "url": "https://www.remax.com/homes-for-sale/nj/elizabeth/city/3421000",
    "place_key": "3421000",
    "state_code": "nj",
    "city_slug": "elizabeth",
    "error": null
  },
  {
    "rank": 217,
    "city": "Warren",
    "state": "Michigan",
    "population": 135010,
    "url": "https://www.remax.com/homes-for-sale/mi/warren/city/2684000",
    "place_key": "2684000",
    "state_code": "mi",
    "city_slug": "warren",
    "error": null
  },
  {
    "rank": 218,
    "city": "Cedar Rapids",
    "state": "Iowa",
    "population": 134758,
    "url": "https://www.remax.com/homes-for-sale/ia/cedar-rapids/city/1912000",
    "place_key": "1912000",
    "state_code": "ia",
    "city_slug": "cedar-rapids",
    "error": null
  },
  {
    "rank": 219,
    "city": "Torrance",
    "state": "California",
    "population": 134412,
    "url": "https://www.remax.com/homes-for-sale/ca/torrance/city/0680000",
    "place_key": "0680000",
    "state_code": "ca",
    "city_slug": "torrance",
    "error": null
  },
  {
    "rank": 220,
    "city": "Dayton",
    "state": "Ohio",
    "population": 134189,
    "url": "https://www.remax.com/homes-for-sale/fl/daytona-beach/city/1216525",
    "place_key": "1216525",
    "state_code": "fl",
    "city_slug": "daytona-beach",
    "error": null
  },
  {
    "rank": 221,
    "city": "Lehigh Acres",
    "state": "Florida",
    "population": 133854,
    "url": "https://www.remax.com/homes-for-sale/fl/lehigh-acres/city/1239925",
    "place_key": "1239925",
    "state_code": "fl",
    "city_slug": "lehigh-acres",
    "error": null
  },
  {
    "rank": 222,
    "city": "Sterling Heights",
    "state": "Michigan",
    "population": 132804,
    "url": "https://www.remax.com/homes-for-sale/mi/sterling-heights/city/2676460",
    "place_key": "2676460",
    "state_code": "mi",
    "city_slug": "sterling-heights",
    "error": null
  },
  {
    "rank": 223,
    "city": "Santa Clara",
    "state": "California",
    "population": 132711,
    "url": "https://www.remax.com/homes-for-sale/ca/south-santa-clara-valley/city/0608593175",
    "place_key": "0608593175",
    "state_code": "ca",
    "city_slug": "south-santa-clara-valley",
    "error": null
  },
  {
    "rank": 224,
    "city": "Carrollton",
    "state": "Texas",
    "population": 132495,
    "url": "https://www.remax.com/homes-for-sale/tx/carrollton/city/4813024",
    "place_key": "4813024",
    "state_code": "tx",
    "city_slug": "carrollton",
    "error": null
  },
  {
    "rank": 225,
    "city": "Abilene",
    "state": "Texas",
    "population": 131460,
    "url": "https://www.remax.com/homes-for-sale/tx/abilene/city/4801000",
    "place_key": "4801000",
    "state_code": "tx",
    "city_slug": "abilene",
    "error": null
  },
  {
    "rank": 226,
    "city": "Columbia",
    "state": "Missouri",
    "population": 131345,
    "url": "https://www.remax.com/homes-for-sale/mo/columbia/city/2915670",
    "place_key": "2915670",
    "state_code": "mo",
    "city_slug": "columbia",
    "error": null
  },
  {
    "rank": 227,
    "city": "Norman",
    "state": "Oklahoma",
    "population": 131302,
    "url": "https://www.remax.com/homes-for-sale/ok/norman/city/4052500",
    "place_key": "4052500",
    "state_code": "ok",
    "city_slug": "norman",
    "error": null
  },
  {
    "rank": 228,
    "city": "Kent",
    "state": "Washington",
    "population": 131235,
    "url": "https://www.remax.com/homes-for-sale/wa/kent/city/5335415",
    "place_key": "5335415",
    "state_code": "wa",
    "city_slug": "kent",
    "error": null
  },
  {
    "rank": 229,
    "city": "West Valley City",
    "state": "Utah",
    "population": 130801,
    "url": "https://www.remax.com/homes-for-sale/ut/west-valley-city/city/4983470",
    "place_key": "4983470",
    "state_code": "ut",
    "city_slug": "west-valley-city",
    "error": null
  },
  {
    "rank": 230,
    "city": "Pasadena",
    "state": "California",
    "population": 130292,
    "url": "https://www.remax.com/homes-for-sale/ca/pasadena/city/0656000",
    "place_key": "0656000",
    "state_code": "ca",
    "city_slug": "pasadena",
    "error": null
  },
  {
    "rank": 231,
    "city": "Athens",
    "state": "Georgia",
    "population": 129550,
    "url": "https://www.remax.com/homes-for-sale/ga/athens-clarke-county/city/1303440",
    "place_key": "1303440",
    "state_code": "ga",
    "city_slug": "athens-clarke-county",
    "error": null
  },
  {
    "rank": 232,
    "city": "Clovis",
    "state": "California",
    "population": 129196,
    "url": "https://www.remax.com/homes-for-sale/ca/clovis/city/0614218",
    "place_key": "0614218",
    "state_code": "ca",
    "city_slug": "clovis",
    "error": null
  },
  {
    "rank": 233,
    "city": "Pearland",
    "state": "Texas",
    "population": 128896,
    "url": "https://www.remax.com/homes-for-sale/tx/alvin-pearland/city/4803990055",
    "place_key": "4803990055",
    "state_code": "tx",
    "city_slug": "alvin-pearland",
    "error": null
  },
  {
    "rank": 234,
    "city": "West Palm Beach",
    "state": "Florida",
    "population": 128545,
    "url": "https://www.remax.com/homes-for-sale/fl/west-palm-beach/city/1276600",
    "place_key": "1276600",
    "state_code": "fl",
    "city_slug": "west-palm-beach",
    "error": null
  },
  {
    "rank": 235,
    "city": "College Station",
    "state": "Texas",
    "population": 128139,
    "url": "https://www.remax.com/homes-for-sale/tx/college-station/city/4815976",
    "place_key": "4815976",
    "state_code": "tx",
    "city_slug": "college-station",
    "error": null
  },
  {
    "rank": 236,
    "city": "Lakeland",
    "state": "Florida",
    "population": 127848,
    "url": "https://www.remax.com/homes-for-sale/fl/lakeland/city/1238250",
    "place_key": "1238250",
    "state_code": "fl",
    "city_slug": "lakeland",
    "error": null
  },
  {
    "rank": 237,
    "city": "Wilmington",
    "state": "North Carolina",
    "population": 127316,
    "url": "https://www.remax.com/homes-for-sale/nc/wilmington/city/3774440",
    "place_key": "3774440",
    "state_code": "nc",
    "city_slug": "wilmington",
    "error": null
  },
  {
    "rank": 238,
    "city": "North Charleston",
    "state": "South Carolina",
    "population": 125414,
    "url": "https://www.remax.com/homes-for-sale/sc/north-charleston/city/4550875",
    "place_key": "4550875",
    "state_code": "sc",
    "city_slug": "north-charleston",
    "error": null
  },
  {
    "rank": 239,
    "city": "Topeka",
    "state": "Kansas",
    "population": 124833,
    "url": "https://www.remax.com/homes-for-sale/ks/topeka/city/2071000",
    "place_key": "2071000",
    "state_code": "ks",
    "city_slug": "topeka",
    "error": null
  },
  {
    "rank": 240,
    "city": "The Woodlands",
    "state": "Texas",
    "population": 124541,
    "url": "https://www.remax.com/homes-for-sale/tx/the-woodlands/city/4872656",
    "place_key": "4872656",
    "state_code": "tx",
    "city_slug": "the-woodlands",
    "error": null
  },
  {
    "rank": 241,
    "city": "Allentown",
    "state": "Pennsylvania",
    "population": 124315,
    "url": "https://www.remax.com/homes-for-sale/pa/allentown/city/4202000",
    "place_key": "4202000",
    "state_code": "pa",
    "city_slug": "allentown",
    "error": null
  },
  {
    "rank": 242,
    "city": "Simi Valley",
    "state": "California",
    "population": 124293,
    "url": "https://www.remax.com/homes-for-sale/ca/simi-valley/city/0672016",
    "place_key": "0672016",
    "state_code": "ca",
    "city_slug": "simi-valley",
    "error": null
  },
  {
    "rank": 243,
    "city": "New Braunfels",
    "state": "Texas",
    "population": 123834,
    "url": "https://www.remax.com/homes-for-sale/tx/new-braunfels/city/4850820",
    "place_key": "4850820",
    "state_code": "tx",
    "city_slug": "new-braunfels",
    "error": null
  },
  {
    "rank": 244,
    "city": "Billings",
    "state": "Montana",
    "population": 123290,
    "url": "https://www.remax.com/homes-for-sale/mt/billings/city/3006550",
    "place_key": "3006550",
    "state_code": "mt",
    "city_slug": "billings",
    "error": null
  },
  {
    "rank": 245,
    "city": "Rochester",
    "state": "Minnesota",
    "population": 122971,
    "url": "https://www.remax.com/homes-for-sale/ny/rochester/city/3663000",
    "place_key": "3663000",
    "state_code": "ny",
    "city_slug": "rochester",
    "error": null
  },
  {
    "rank": 246,
    "city": "Nampa",
    "state": "Idaho",
    "population": 122906,
    "url": "https://www.remax.com/homes-for-sale/id/nampa/city/1656260",
    "place_key": "1656260",
    "state_code": "id",
    "city_slug": "nampa",
    "error": null
  },
  {
    "rank": 247,
    "city": "Broken Arrow",
    "state": "Oklahoma",
    "population": 122704,
    "url": "https://www.remax.com/homes-for-sale/ok/broken-arrow/city/4009050",
    "place_key": "4009050",
    "state_code": "ok",
    "city_slug": "broken-arrow",
    "error": null
  },
  {
    "rank": 248,
    "city": "Lafayette",
    "state": "Louisiana",
    "population": 121475,
    "url": "https://www.remax.com/homes-for-sale/la/lafayette/city/2240735",
    "place_key": "2240735",
    "state_code": "la",
    "city_slug": "lafayette",
    "error": null
  },
  {
    "rank": 249,
    "city": "Spring Hill",
    "state": "Florida",
    "population": 121447,
    "url": "https://www.remax.com/homes-for-sale/fl/spring-hill/city/1268350",
    "place_key": "1268350",
    "state_code": "fl",
    "city_slug": "spring-hill",
    "error": null
  },
  {
    "rank": 250,
    "city": "Fairfield",
    "state": "California",
    "population": 121391,
    "url": "https://www.remax.com/homes-for-sale/tn/fairfield-glade/city/4724980",
    "place_key": "4724980",
    "state_code": "tn",
    "city_slug": "fairfield-glade",
    "error": null
  },
  {
    "rank": 251,
    "city": "Thousand Oaks",
    "state": "California",
    "population": 121222,
    "url": "https://www.remax.com/homes-for-sale/ca/thousand-oaks/city/0678582",
    "place_key": "0678582",
    "state_code": "ca",
    "city_slug": "thousand-oaks",
    "error": null
  },
  {
    "rank": 252,
    "city": "Goodyear",
    "state": "Arizona",
    "population": 121116,
    "url": "https://www.remax.com/homes-for-sale/az/goodyear/city/0428380",
    "place_key": "0428380",
    "state_code": "az",
    "city_slug": "goodyear",
    "error": null
  },
  {
    "rank": 253,
    "city": "Vallejo",
    "state": "California",
    "population": 120749,
    "url": "https://www.remax.com/homes-for-sale/ca/vallejo/city/0681666",
    "place_key": "0681666",
    "state_code": "ca",
    "city_slug": "vallejo",
    "error": null
  },
  {
    "rank": 254,
    "city": "Concord",
    "state": "California",
    "population": 120334,
    "url": "https://www.remax.com/homes-for-sale/nc/concord/city/3714100",
    "place_key": "3714100",
    "state_code": "nc",
    "city_slug": "concord",
    "error": null
  },
  {
    "rank": 255,
    "city": "Menifee",
    "state": "California",
    "population": 120236,
    "url": "https://www.remax.com/homes-for-sale/ca/menifee/city/0646842",
    "place_key": "0646842",
    "state_code": "ca",
    "city_slug": "menifee",
    "error": null
  },
  {
    "rank": 256,
    "city": "Independence",
    "state": "Missouri",
    "population": 119604,
    "url": "https://www.remax.com/homes-for-sale/mo/independence/city/2935000",
    "place_key": "2935000",
    "state_code": "mo",
    "city_slug": "independence",
    "error": null
  },
  {
    "rank": 257,
    "city": "Hartford",
    "state": "Connecticut",
    "population": 119583,
    "url": "https://www.remax.com/homes-for-sale/ct/hartford/city/0937000",
    "place_key": "0937000",
    "state_code": "ct",
    "city_slug": "hartford",
    "error": null
  },
  {
    "rank": 258,
    "city": "Conroe",
    "state": "Texas",
    "population": 119576,
    "url": "https://www.remax.com/homes-for-sale/tx/conroe/city/4816432",
    "place_key": "4816432",
    "state_code": "tx",
    "city_slug": "conroe",
    "error": null
  },
  {
    "rank": 259,
    "city": "Arvada",
    "state": "Colorado",
    "population": 119461,
    "url": "https://www.remax.com/homes-for-sale/co/arvada/city/0803455",
    "place_key": "0803455",
    "state_code": "co",
    "city_slug": "arvada",
    "error": null
  },
  {
    "rank": 260,
    "city": "Buckeye",
    "state": "Arizona",
    "population": 119007,
    "url": "https://www.remax.com/homes-for-sale/az/buckeye/city/0407940",
    "place_key": "0407940",
    "state_code": "az",
    "city_slug": "buckeye",
    "error": null
  },
  {
    "rank": 261,
    "city": "High Point",
    "state": "North Carolina",
    "population": 118312,
    "url": "https://www.remax.com/homes-for-sale/nc/high-point/city/3731400",
    "place_key": "3731400",
    "state_code": "nc",
    "city_slug": "high-point",
    "error": null
  },
  {
    "rank": 262,
    "city": "Antioch",
    "state": "California",
    "population": 118240,
    "url": "https://www.remax.com/homes-for-sale/ca/antioch-pittsburg/city/0601390080",
    "place_key": "0601390080",
    "state_code": "ca",
    "city_slug": "antioch-pittsburg",
    "error": null
  },
  {
    "rank": 263,
    "city": "Cambridge",
    "state": "Massachusetts",
    "population": 118211,
    "url": "https://www.remax.com/homes-for-sale/ma/cambridge/city/2511000",
    "place_key": "2511000",
    "state_code": "ma",
    "city_slug": "cambridge",
    "error": null
  },
  {
    "rank": 264,
    "city": "Brandon",
    "state": "Florida",
    "population": 117783,
    "url": "https://www.remax.com/homes-for-sale/sd/brandon/city/4606840",
    "place_key": "4606840",
    "state_code": "sd",
    "city_slug": "brandon",
    "error": null
  },
  {
    "rank": 265,
    "city": "League City",
    "state": "Texas",
    "population": 117428,
    "url": "https://www.remax.com/homes-for-sale/tx/texas-city-league-city/city/4816793880",
    "place_key": "4816793880",
    "state_code": "tx",
    "city_slug": "texas-city-league-city",
    "error": null
  },
  {
    "rank": 266,
    "city": "Las Cruces",
    "state": "New Mexico",
    "population": 117021,
    "url": "https://www.remax.com/homes-for-sale/nm/las-cruces/city/3539380",
    "place_key": "3539380",
    "state_code": "nm",
    "city_slug": "las-cruces",
    "error": null
  },
  {
    "rank": 267,
    "city": "Ann Arbor",
    "state": "Michigan",
    "population": 116561,
    "url": "https://www.remax.com/homes-for-sale/mi/ann-arbor/city/2603000",
    "place_key": "2603000",
    "state_code": "mi",
    "city_slug": "ann-arbor",
    "error": null
  },
  {
    "rank": 268,
    "city": "Clearwater",
    "state": "Florida",
    "population": 116528,
    "url": "https://www.remax.com/homes-for-sale/fl/clearwater/city/1212875",
    "place_key": "1212875",
    "state_code": "fl",
    "city_slug": "clearwater",
    "error": null
  },
  {
    "rank": 269,
    "city": "Odessa",
    "state": "Texas",
    "population": 116287,
    "url": "https://www.remax.com/homes-for-sale/de/middletown-odessa/city/1000392072",
    "place_key": "1000392072",
    "state_code": "de",
    "city_slug": "middletown-odessa",
    "error": null
  },
  {
    "rank": 270,
    "city": "Richardson",
    "state": "Texas",
    "population": 116192,
    "url": "https://www.remax.com/homes-for-sale/tx/richardson/city/4861796",
    "place_key": "4861796",
    "state_code": "tx",
    "city_slug": "richardson",
    "error": null
  },
  {
    "rank": 271,
    "city": "Tuscaloosa",
    "state": "Alabama",
    "population": 116085,
    "url": "https://www.remax.com/homes-for-sale/al/tuscaloosa/city/0177256",
    "place_key": "0177256",
    "state_code": "al",
    "city_slug": "tuscaloosa",
    "error": null
  },
  {
    "rank": 272,
    "city": "Waterbury",
    "state": "Connecticut",
    "population": 115730,
    "url": "https://www.remax.com/homes-for-sale/ct/waterbury/city/0980000",
    "place_key": "0980000",
    "state_code": "ct",
    "city_slug": "waterbury",
    "error": null
  },
  {
    "rank": 273,
    "city": "Allen",
    "state": "Texas",
    "population": 115668,
    "url": "https://www.remax.com/homes-for-sale/tx/allen/city/4801924",
    "place_key": "4801924",
    "state_code": "tx",
    "city_slug": "allen",
    "error": null
  },
  {
    "rank": 274,
    "city": "Berkeley",
    "state": "California",
    "population": 115466,
    "url": "https://www.remax.com/homes-for-sale/nj/berkeley/city/3402905305",
    "place_key": "3402905305",
    "state_code": "nj",
    "city_slug": "berkeley",
    "error": null
  },
  {
    "rank": 275,
    "city": "Manchester",
    "state": "New Hampshire",
    "population": 115451,
    "url": "https://www.remax.com/homes-for-sale/nj/manchester/city/3402943140",
    "place_key": "3402943140",
    "state_code": "nj",
    "city_slug": "manchester",
    "error": null
  },
  {
    "rank": 276,
    "city": "East Los Angeles",
    "state": "California",
    "population": 114904,
    "url": "https://www.remax.com/homes-for-sale/ca/south-gate-east-los-angeles/city/0603793155",
    "place_key": "0603793155",
    "state_code": "ca",
    "city_slug": "south-gate-east-los-angeles",
    "error": null
  },
  {
    "rank": 277,
    "city": "Greeley",
    "state": "Colorado",
    "population": 114833,
    "url": "https://www.remax.com/homes-for-sale/co/greeley/city/0832155",
    "place_key": "0832155",
    "state_code": "co",
    "city_slug": "greeley",
    "error": null
  },
  {
    "rank": 278,
    "city": "Rio Rancho",
    "state": "New Mexico",
    "population": 114811,
    "url": "https://www.remax.com/homes-for-sale/nm/rio-rancho/city/3563460",
    "place_key": "3563460",
    "state_code": "nm",
    "city_slug": "rio-rancho",
    "error": null
  },
  {
    "rank": 279,
    "city": "Pompano Beach",
    "state": "Florida",
    "population": 114727,
    "url": "https://www.remax.com/homes-for-sale/fl/pompano-beach/city/1258050",
    "place_key": "1258050",
    "state_code": "fl",
    "city_slug": "pompano-beach",
    "error": null
  },
  {
    "rank": 280,
    "city": "Georgetown",
    "state": "Texas",
    "population": 114687,
    "url": "https://www.remax.com/homes-for-sale/tx/round-rock-georgetown/city/4849193343",
    "place_key": "4849193343",
    "state_code": "tx",
    "city_slug": "round-rock-georgetown",
    "error": null
  },
  {
    "rank": 281,
    "city": "Evansville",
    "state": "Indiana",
    "population": 113971,
    "url": "https://www.remax.com/homes-for-sale/in/evansville/city/1822000",
    "place_key": "1822000",
    "state_code": "in",
    "city_slug": "evansville",
    "error": null
  },
  {
    "rank": 282,
    "city": "Westminster",
    "state": "Colorado",
    "population": 113729,
    "url": "https://www.remax.com/homes-for-sale/co/westminster/city/0883835",
    "place_key": "0883835",
    "state_code": "co",
    "city_slug": "westminster",
    "error": null
  },
  {
    "rank": 283,
    "city": "Concord",
    "state": "North Carolina",
    "population": 113608,
    "url": "https://www.remax.com/homes-for-sale/nc/concord/city/3714100",
    "place_key": "3714100",
    "state_code": "nc",
    "city_slug": "concord",
    "error": null
  },
  {
    "rank": 284,
    "city": "Lowell",
    "state": "Massachusetts",
    "population": 113518,
    "url": "https://www.remax.com/homes-for-sale/ma/lowell/city/2537000",
    "place_key": "2537000",
    "state_code": "ma",
    "city_slug": "lowell",
    "error": null
  },
  {
    "rank": 285,
    "city": "West Jordan",
    "state": "Utah",
    "population": 113492,
    "url": "https://www.remax.com/homes-for-sale/ut/west-jordan/city/4982950",
    "place_key": "4982950",
    "state_code": "ut",
    "city_slug": "west-jordan",
    "error": null
  },
  {
    "rank": 286,
    "city": "Tyler",
    "state": "Texas",
    "population": 113030,
    "url": "https://www.remax.com/homes-for-sale/tx/tyler/city/4874144",
    "place_key": "4874144",
    "state_code": "tx",
    "city_slug": "tyler",
    "error": null
  },
  {
    "rank": 287,
    "city": "South Fulton",
    "state": "Georgia",
    "population": 112726,
    "url": "https://www.remax.com/homes-for-sale/ga/south-fulton/city/1372122",
    "place_key": "1372122",
    "state_code": "ga",
    "city_slug": "south-fulton",
    "error": null
  },
  {
    "rank": 288,
    "city": "Richmond",
    "state": "California",
    "population": 112712,
    "url": "https://www.remax.com/homes-for-sale/tx/rosenberg-richmond/city/4815793337",
    "place_key": "4815793337",
    "state_code": "tx",
    "city_slug": "rosenberg-richmond",
    "error": null
  },
  {
    "rank": 289,
    "city": "Carlsbad",
    "state": "California",
    "population": 112542,
    "url": "https://www.remax.com/homes-for-sale/ca/carlsbad/city/0611194",
    "place_key": "0611194",
    "state_code": "ca",
    "city_slug": "carlsbad",
    "error": null
  },
  {
    "rank": 290,
    "city": "Elgin",
    "state": "Illinois",
    "population": 112438,
    "url": "https://www.remax.com/homes-for-sale/il/elgin/city/1723074",
    "place_key": "1723074",
    "state_code": "il",
    "city_slug": "elgin",
    "error": null
  },
  {
    "rank": 291,
    "city": "Murrieta",
    "state": "California",
    "population": 112366,
    "url": "https://www.remax.com/homes-for-sale/ca/murrieta/city/0650076",
    "place_key": "0650076",
    "state_code": "ca",
    "city_slug": "murrieta",
    "error": null
  },
  {
    "rank": 292,
    "city": "Provo",
    "state": "Utah",
    "population": 112169,
    "url": "https://www.remax.com/homes-for-sale/ut/provo-orem/city/4904992709",
    "place_key": "4904992709",
    "state_code": "ut",
    "city_slug": "provo-orem",
    "error": null
  },
  {
    "rank": 293,
    "city": "Lansing",
    "state": "Michigan",
    "population": 111814,
    "url": "https://www.remax.com/homes-for-sale/mi/lansing/city/2646000",
    "place_key": "2646000",
    "state_code": "mi",
    "city_slug": "lansing",
    "error": null
  },
  {
    "rank": 294,
    "city": "Springfield",
    "state": "Illinois",
    "population": 111374,
    "url": "https://www.remax.com/homes-for-sale/or/eugene-springfield/city/4103991105",
    "place_key": "4103991105",
    "state_code": "or",
    "city_slug": "eugene-springfield",
    "error": null
  },
  {
    "rank": 295,
    "city": "Everett",
    "state": "Washington",
    "population": 111371,
    "url": "https://www.remax.com/homes-for-sale/wa/everett/city/5322640",
    "place_key": "5322640",
    "state_code": "wa",
    "city_slug": "everett",
    "error": null
  },
  {
    "rank": 296,
    "city": "Spokane Valley",
    "state": "Washington",
    "population": 111371,
    "url": "https://www.remax.com/homes-for-sale/wa/spokane-valley/city/5367167",
    "place_key": "5367167",
    "state_code": "wa",
    "city_slug": "spokane-valley",
    "error": null
  },
  {
    "rank": 297,
    "city": "Sparks",
    "state": "Nevada",
    "population": 111279,
    "url": "https://www.remax.com/homes-for-sale/nv/sparks/city/3268400",
    "place_key": "3268400",
    "state_code": "nv",
    "city_slug": "sparks",
    "error": null
  },
  {
    "rank": 298,
    "city": "Temecula",
    "state": "California",
    "population": 111074,
    "url": "https://www.remax.com/homes-for-sale/ca/temecula/city/0678120",
    "place_key": "0678120",
    "state_code": "ca",
    "city_slug": "temecula",
    "error": null
  },
  {
    "rank": 299,
    "city": "Pueblo",
    "state": "Colorado",
    "population": 110529,
    "url": "https://www.remax.com/homes-for-sale/co/pueblo/city/0862000",
    "place_key": "0862000",
    "state_code": "co",
    "city_slug": "pueblo",
    "error": null
  },
  {
    "rank": 300,
    "city": "Beaumont",
    "state": "Texas",
    "population": 110417,
    "url": "https://www.remax.com/homes-for-sale/tx/beaumont/city/4807000",
    "place_key": "4807000",
    "state_code": "tx",
    "city_slug": "beaumont",
    "error": null
  },
  {
    "rank": 301,
    "city": "Palm Coast",
    "state": "Florida",
    "population": 110362,
    "url": "https://www.remax.com/homes-for-sale/fl/palm-coast/city/1254200",
    "place_key": "1254200",
    "state_code": "fl",
    "city_slug": "palm-coast",
    "error": null
  },
  {
    "rank": 302,
    "city": "Riverview",
    "state": "Florida",
    "population": 110321,
    "url": "https://www.remax.com/homes-for-sale/fl/wimauma-riverview/city/1205793693",
    "place_key": "1205793693",
    "state_code": "fl",
    "city_slug": "wimauma-riverview",
    "error": null
  },
  {
    "rank": 303,
    "city": "St. George",
    "state": "Utah",
    "population": 110270,
    "url": "https://www.remax.com/homes-for-sale/ut/saint-george/city/4965330",
    "place_key": "4965330",
    "state_code": "ut",
    "city_slug": "saint-george",
    "error": null
  },
  {
    "rank": 304,
    "city": "Miami Gardens",
    "state": "Florida",
    "population": 110210,
    "url": "https://www.remax.com/homes-for-sale/fl/miami-gardens/city/1245060",
    "place_key": "1245060",
    "state_code": "fl",
    "city_slug": "miami-gardens",
    "error": null
  },
  {
    "rank": 305,
    "city": "Santa Maria",
    "state": "California",
    "population": 110123,
    "url": "https://www.remax.com/homes-for-sale/ca/santa-maria/city/0669196",
    "place_key": "0669196",
    "state_code": "ca",
    "city_slug": "santa-maria",
    "error": null
  },
  {
    "rank": 306,
    "city": "Edinburg",
    "state": "Texas",
    "population": 109191,
    "url": "https://www.remax.com/homes-for-sale/tx/edinburg/city/4822660",
    "place_key": "4822660",
    "state_code": "tx",
    "city_slug": "edinburg",
    "error": null
  },
  {
    "rank": 307,
    "city": "Davie",
    "state": "Florida",
    "population": 108978,
    "url": "https://www.remax.com/homes-for-sale/fl/davie/city/1216475",
    "place_key": "1216475",
    "state_code": "fl",
    "city_slug": "davie",
    "error": null
  },
  {
    "rank": 308,
    "city": "Peoria",
    "state": "Illinois",
    "population": 108870,
    "url": "https://www.remax.com/homes-for-sale/az/peoria/city/0454050",
    "place_key": "0454050",
    "state_code": "az",
    "city_slug": "peoria",
    "error": null
  },
  {
    "rank": 309,
    "city": "Jurupa Valley",
    "state": "California",
    "population": 108631,
    "url": "https://www.remax.com/homes-for-sale/ca/jurupa-valley/city/0637692",
    "place_key": "0637692",
    "state_code": "ca",
    "city_slug": "jurupa-valley",
    "error": null
  },
  {
    "rank": 310,
    "city": "Columbia",
    "state": "Maryland",
    "population": 108346,
    "url": "https://www.remax.com/homes-for-sale/mo/columbia/city/2915670",
    "place_key": "2915670",
    "state_code": "mo",
    "city_slug": "columbia",
    "error": null
  },
  {
    "rank": 311,
    "city": "Hillsboro",
    "state": "Oregon",
    "population": 108223,
    "url": "https://www.remax.com/homes-for-sale/or/beaverton-hillsboro/city/4106790289",
    "place_key": "4106790289",
    "state_code": "or",
    "city_slug": "beaverton-hillsboro",
    "error": null
  },
  {
    "rank": 312,
    "city": "Gresham",
    "state": "Oregon",
    "population": 108161,
    "url": "https://www.remax.com/homes-for-sale/or/gresham/city/4131250",
    "place_key": "4131250",
    "state_code": "or",
    "city_slug": "gresham",
    "error": null
  },
  {
    "rank": 313,
    "city": "San Buenaventura (Ventura)",
    "state": "California",
    "population": 108016,
    "url": null,
    "place_key": null,
    "state_code": null,
    "city_slug": null,
    "error": "No places found in autocomplete"
  },
  {
    "rank": 314,
    "city": "Bend",
    "state": "Oregon",
    "population": 107812,
    "url": "https://www.remax.com/homes-for-sale/or/bend/city/4105800",
    "place_key": "4105800",
    "state_code": "or",
    "city_slug": "bend",
    "error": null
  },
  {
    "rank": 315,
    "city": "Fishers",
    "state": "Indiana",
    "population": 107169,
    "url": "https://www.remax.com/homes-for-sale/in/fishers/city/1823278",
    "place_key": "1823278",
    "state_code": "in",
    "city_slug": "fishers",
    "error": null
  },
  {
    "rank": 316,
    "city": "Sugar Land",
    "state": "Texas",
    "population": 106975,
    "url": "https://www.remax.com/homes-for-sale/tx/sugar-land/city/4870808",
    "place_key": "4870808",
    "state_code": "tx",
    "city_slug": "sugar-land",
    "error": null
  },
  {
    "rank": 317,
    "city": "Fayetteville",
    "state": "Arkansas",
    "population": 106278,
    "url": "https://www.remax.com/homes-for-sale/nc/fayetteville/city/3722920",
    "place_key": "3722920",
    "state_code": "nc",
    "city_slug": "fayetteville",
    "error": null
  },
  {
    "rank": 318,
    "city": "San Tan Valley",
    "state": "Arizona",
    "population": 106179,
    "url": "https://www.remax.com/homes-for-sale/az/san-tan-valley/city/0464210",
    "place_key": "0464210",
    "state_code": "az",
    "city_slug": "san-tan-valley",
    "error": null
  },
  {
    "rank": 319,
    "city": "Costa Mesa",
    "state": "California",
    "population": 106069,
    "url": "https://www.remax.com/homes-for-sale/ca/costa-mesa/city/0616532",
    "place_key": "0616532",
    "state_code": "ca",
    "city_slug": "costa-mesa",
    "error": null
  },
  {
    "rank": 320,
    "city": "Centennial",
    "state": "Colorado",
    "population": 106007,
    "url": "https://www.remax.com/homes-for-sale/co/centennial/city/0812815",
    "place_key": "0812815",
    "state_code": "co",
    "city_slug": "centennial",
    "error": null
  },
  {
    "rank": 321,
    "city": "Lee's Summit",
    "state": "Missouri",
    "population": 105892,
    "url": "https://www.remax.com/homes-for-sale/mo/lee's-summit/city/2941348",
    "place_key": "2941348",
    "state_code": "mo",
    "city_slug": "lee's-summit",
    "error": null
  },
  {
    "rank": 322,
    "city": "Downey",
    "state": "California",
    "population": 105384,
    "url": "https://www.remax.com/homes-for-sale/ca/downey-norwalk/city/0603790730",
    "place_key": "0603790730",
    "state_code": "ca",
    "city_slug": "downey-norwalk",
    "error": null
  },
  {
    "rank": 323,
    "city": "Green Bay",
    "state": "Wisconsin",
    "population": 104726,
    "url": "https://www.remax.com/homes-for-sale/wi/green-bay/city/5531000",
    "place_key": "5531000",
    "state_code": "wi",
    "city_slug": "green-bay",
    "error": null
  },
  {
    "rank": 324,
    "city": "Suffolk",
    "state": "Virginia",
    "population": 104598,
    "url": "https://www.remax.com/homes-for-sale/va/suffolk/city/5176432",
    "place_key": "5176432",
    "state_code": "va",
    "city_slug": "suffolk",
    "error": null
  },
  {
    "rank": 325,
    "city": "Brockton",
    "state": "Massachusetts",
    "population": 104476,
    "url": "https://www.remax.com/homes-for-sale/ma/brockton/city/2509000",
    "place_key": "2509000",
    "state_code": "ma",
    "city_slug": "brockton",
    "error": null
  },
  {
    "rank": 326,
    "city": "Boulder",
    "state": "Colorado",
    "population": 104414,
    "url": "https://www.remax.com/homes-for-sale/co/boulder/city/0807850",
    "place_key": "0807850",
    "state_code": "co",
    "city_slug": "boulder",
    "error": null
  },
  {
    "rank": 327,
    "city": "Sandy Springs",
    "state": "Georgia",
    "population": 104210,
    "url": "https://www.remax.com/homes-for-sale/ga/sandy-springs/city/1368516",
    "place_key": "1368516",
    "state_code": "ga",
    "city_slug": "sandy-springs",
    "error": null
  },
  {
    "rank": 328,
    "city": "Fort Myers",
    "state": "Florida",
    "population": 104100,
    "url": "https://www.remax.com/homes-for-sale/fl/fort-myers/city/1224125",
    "place_key": "1224125",
    "state_code": "fl",
    "city_slug": "fort-myers",
    "error": null
  },
  {
    "rank": 329,
    "city": "Carmel",
    "state": "Indiana",
    "population": 103890,
    "url": "https://www.remax.com/homes-for-sale/in/carmel/city/1810342",
    "place_key": "1810342",
    "state_code": "in",
    "city_slug": "carmel",
    "error": null
  },
  {
    "rank": 330,
    "city": "South Bend",
    "state": "Indiana",
    "population": 103435,
    "url": "https://www.remax.com/homes-for-sale/in/south-bend/city/1871000",
    "place_key": "1871000",
    "state_code": "in",
    "city_slug": "south-bend",
    "error": null
  },
  {
    "rank": 331,
    "city": "Dearborn",
    "state": "Michigan",
    "population": 103271,
    "url": "https://www.remax.com/homes-for-sale/mi/dearborn/city/2621000",
    "place_key": "2621000",
    "state_code": "mi",
    "city_slug": "dearborn",
    "error": null
  },
  {
    "rank": 332,
    "city": "West Covina",
    "state": "California",
    "population": 103259,
    "url": "https://www.remax.com/homes-for-sale/ca/west-covina/city/0684200",
    "place_key": "0684200",
    "state_code": "ca",
    "city_slug": "west-covina",
    "error": null
  },
  {
    "rank": 333,
    "city": "Yuma",
    "state": "Arizona",
    "population": 103070,
    "url": "https://www.remax.com/homes-for-sale/az/yuma/city/0485540",
    "place_key": "0485540",
    "state_code": "az",
    "city_slug": "yuma",
    "error": null
  },
  {
    "rank": 334,
    "city": "Renton",
    "state": "Washington",
    "population": 103005,
    "url": "https://www.remax.com/homes-for-sale/wa/renton/city/5357745",
    "place_key": "5357745",
    "state_code": "wa",
    "city_slug": "renton",
    "error": null
  },
  {
    "rank": 335,
    "city": "Rialto",
    "state": "California",
    "population": 102933,
    "url": "https://www.remax.com/homes-for-sale/ca/rialto/city/0660466",
    "place_key": "0660466",
    "state_code": "ca",
    "city_slug": "rialto",
    "error": null
  },
  {
    "rank": 336,
    "city": "Albany",
    "state": "New York",
    "population": 102925,
    "url": "https://www.remax.com/homes-for-sale/ny/albany/city/3601000",
    "place_key": "3601000",
    "state_code": "ny",
    "city_slug": "albany",
    "error": null
  },
  {
    "rank": 337,
    "city": "Wichita Falls",
    "state": "Texas",
    "population": 102831,
    "url": "https://www.remax.com/homes-for-sale/tx/wichita-falls/city/4879000",
    "place_key": "4879000",
    "state_code": "tx",
    "city_slug": "wichita-falls",
    "error": null
  },
  {
    "rank": 338,
    "city": "Vacaville",
    "state": "California",
    "population": 102815,
    "url": "https://www.remax.com/homes-for-sale/ca/vacaville/city/0681554",
    "place_key": "0681554",
    "state_code": "ca",
    "city_slug": "vacaville",
    "error": null
  },
  {
    "rank": 339,
    "city": "Highlands Ranch",
    "state": "Colorado",
    "population": 102714,
    "url": "https://www.remax.com/homes-for-sale/co/highlands-ranch/city/0836410",
    "place_key": "0836410",
    "state_code": "co",
    "city_slug": "highlands-ranch",
    "error": null
  },
  {
    "rank": 340,
    "city": "Deltona",
    "state": "Florida",
    "population": 101869,
    "url": "https://www.remax.com/homes-for-sale/fl/deltona/city/1217200",
    "place_key": "1217200",
    "state_code": "fl",
    "city_slug": "deltona",
    "error": null
  },
  {
    "rank": 341,
    "city": "Quincy",
    "state": "Massachusetts",
    "population": 101673,
    "url": "https://www.remax.com/homes-for-sale/ma/quincy/city/2555745",
    "place_key": "2555745",
    "state_code": "ma",
    "city_slug": "quincy",
    "error": null
  },
  {
    "rank": 342,
    "city": "Lynn",
    "state": "Massachusetts",
    "population": 101333,
    "url": "https://www.remax.com/homes-for-sale/fl/lynn-haven/city/1241825",
    "place_key": "1241825",
    "state_code": "fl",
    "city_slug": "lynn-haven",
    "error": null
  },
  {
    "rank": 343,
    "city": "Boca Raton",
    "state": "Florida",
    "population": 101126,
    "url": "https://www.remax.com/homes-for-sale/fl/boca-raton/city/1207300",
    "place_key": "1207300",
    "state_code": "fl",
    "city_slug": "boca-raton",
    "error": null
  },
  {
    "rank": 344,
    "city": "Hesperia",
    "state": "California",
    "population": 101065,
    "url": "https://www.remax.com/homes-for-sale/ca/victorville-hesperia/city/0607193555",
    "place_key": "0607193555",
    "state_code": "ca",
    "city_slug": "victorville-hesperia",
    "error": null
  },
  {
    "rank": 345,
    "city": "Tracy",
    "state": "California",
    "population": 100936,
    "url": "https://www.remax.com/homes-for-sale/ca/tracy/city/0680238",
    "place_key": "0680238",
    "state_code": "ca",
    "city_slug": "tracy",
    "error": null
  },
  {
    "rank": 346,
    "city": "El Cajon",
    "state": "California",
    "population": 100935,
    "url": "https://www.remax.com/homes-for-sale/ca/el-cajon/city/0621712",
    "place_key": "0621712",
    "state_code": "ca",
    "city_slug": "el-cajon",
    "error": null
  },
  {
    "rank": 347,
    "city": "New Bedford",
    "state": "Massachusetts",
    "population": 100496,
    "url": "https://www.remax.com/homes-for-sale/ma/new-bedford/city/2545000",
    "place_key": "2545000",
    "state_code": "ma",
    "city_slug": "new-bedford",
    "error": null
  },
  {
    "rank": 348,
    "city": "Edmond",
    "state": "Oklahoma",
    "population": 100339,
    "url": "https://www.remax.com/homes-for-sale/ok/edmond/city/4023200",
    "place_key": "4023200",
    "state_code": "ok",
    "city_slug": "edmond",
    "error": null
  },
  {
    "rank": 349,
    "city": "Chico",
    "state": "California",
    "population": 100331,
    "url": "https://www.remax.com/homes-for-sale/ca/chico/city/0613014",
    "place_key": "0613014",
    "state_code": "ca",
    "city_slug": "chico",
    "error": null
  },
  {
    "rank": 350,
    "city": "El Monte",
    "state": "California",
    "population": 100265,
    "url": "https://www.remax.com/homes-for-sale/ca/el-monte/city/0622230",
    "place_key": "0622230",
    "state_code": "ca",
    "city_slug": "el-monte",
    "error": null
  },
  {
    "rank": 351,
    "city": "Temple",
    "state": "Texas",
    "population": 100057,
    "url": "https://www.remax.com/homes-for-sale/tx/temple/city/4872176",
    "place_key": "4872176",
    "state_code": "tx",
    "city_slug": "temple",
    "error": null
  }
]